시군구,번지,본번,부번,단지명,전용면적(㎡),계약년월,계약일,거래금액(만원),층,건축년도,도로명,해제사유발생일,등기신청일자,거래유형,중개사소재지
서울특별시 강남구 역삼동,828-21,828,21,(828-21),90.4,201607,4,"56,500",2,2005,테헤란로10길 25,, ,-,-
서울특별시 강남구 역삼동,828-76,828,76,(828-76),84.42,201609,7,"54,000",1,2005,테헤란로10길 27,, ,-,-
서울특별시 강남구 역삼동,755-4,755,4,e-편한세상,59.606,201601,12,"80,000",8,2005,선릉로69길 20,, ,-,-
서울특별시 강남구 역삼동,755-4,755,4,e-편한세상,59.606,201601,22,"80,000",22,2005,선릉로69길 20,, ,-,-
서울특별시 강남구 역삼동,755-4,755,4,e-편한세상,59.606,201602,1,"78,000",11,2005,선릉로69길 20,, ,-,-
서울특별시 강남구 역삼동,755-4,755,4,e-편한세상,59.947,201602,2,"86,500",5,2005,선릉로69길 20,, ,-,-
서울특별시 강남구 역삼동,755-4,755,4,e-편한세상,59.947,201602,23,"84,500",6,2005,선릉로69길 20,, ,-,-
서울특별시 강남구 역삼동,755-4,755,4,e-편한세상,59.606,201603,10,"77,000",7,2005,선릉로69길 20,, ,-,-
서울특별시 강남구 역삼동,755-4,755,4,e-편한세상,59.606,201604,6,"82,000",11,2005,선릉로69길 20,, ,-,-
서울특별시 강남구 역삼동,755-4,755,4,e-편한세상,59.606,201604,8,"79,500",2,2005,선릉로69길 20,, ,-,-
서울특별시 강남구 역삼동,755-4,755,4,e-편한세상,59.606,201604,12,"86,700",9,2005,선릉로69길 20,, ,-,-
서울특별시 강남구 역삼동,755-4,755,4,e-편한세상,59.606,201604,13,"82,000",15,2005,선릉로69길 20,, ,-,-
서울특별시 강남구 역삼동,755-4,755,4,e-편한세상,59.606,201604,15,"83,500",12,2005,선릉로69길 20,, ,-,-
서울특별시 강남구 역삼동,755-4,755,4,e-편한세상,59.606,201604,22,"87,800",15,2005,선릉로69길 20,, ,-,-
서울특별시 강남구 역삼동,755-4,755,4,e-편한세상,59.606,201604,24,"84,000",9,2005,선릉로69길 20,, ,-,-
서울특별시 강남구 역삼동,755-4,755,4,e-편한세상,59.606,201605,8,"82,500",4,2005,선릉로69길 20,, ,-,-
서울특별시 강남구 역삼동,755-4,755,4,e-편한세상,84.991,201605,14,"116,000",10,2005,선릉로69길 20,, ,-,-
서울특별시 강남구 역삼동,755-4,755,4,e-편한세상,84.675,201605,20,"105,000",14,2005,선릉로69길 20,, ,-,-
서울특별시 강남구 역삼동,755-4,755,4,e-편한세상,84.991,201606,14,"119,000",8,2005,선릉로69길 20,, ,-,-
서울특별시 강남구 역삼동,755-4,755,4,e-편한세상,84.991,201606,20,"112,000",6,2005,선릉로69길 20,, ,-,-
서울특별시 강남구 역삼동,755-4,755,4,e-편한세상,59.606,201606,21,"84,000",3,2005,선릉로69길 20,, ,-,-
서울특별시 강남구 역삼동,755-4,755,4,e-편한세상,59.947,201606,21,"88,300",4,2005,선릉로69길 20,, ,-,-
서울특별시 강남구 역삼동,755-4,755,4,e-편한세상,59.606,201606,23,"84,000",6,2005,선릉로69길 20,, ,-,-
서울특별시 강남구 역삼동,755-4,755,4,e-편한세상,59.606,201606,24,"86,000",24,2005,선릉로69길 20,, ,-,-
서울특별시 강남구 역삼동,755-4,755,4,e-편한세상,59.606,201606,30,"86,000",4,2005,선릉로69길 20,, ,-,-
서울특별시 강남구 역삼동,755-4,755,4,e-편한세상,59.606,201607,11,"85,500",19,2005,선릉로69길 20,, ,-,-
서울특별시 강남구 역삼동,755-4,755,4,e-편한세상,84.991,201607,13,"109,000",9,2005,선릉로69길 20,, ,-,-
서울특별시 강남구 역삼동,755-4,755,4,e-편한세상,59.606,201607,13,"87,000",16,2005,선릉로69길 20,, ,-,-
서울특별시 강남구 역삼동,755-4,755,4,e-편한세상,59.606,201607,26,"86,000",7,2005,선릉로69길 20,, ,-,-
서울특별시 강남구 역삼동,755-4,755,4,e-편한세상,59.606,201608,6,"90,000",6,2005,선릉로69길 20,, ,-,-
서울특별시 강남구 역삼동,755-4,755,4,e-편한세상,84.991,201608,16,"114,000",9,2005,선릉로69길 20,, ,-,-
서울특별시 강남구 역삼동,755-4,755,4,e-편한세상,84.991,201608,20,"106,000",4,2005,선릉로69길 20,, ,-,-
서울특별시 강남구 역삼동,755-4,755,4,e-편한세상,84.991,201608,23,"114,000",11,2005,선릉로69길 20,, ,-,-
서울특별시 강남구 역삼동,755-4,755,4,e-편한세상,59.606,201608,24,"84,500",22,2005,선릉로69길 20,, ,-,-
서울특별시 강남구 역삼동,755-4,755,4,e-편한세상,59.947,201609,4,"89,500",5,2005,선릉로69길 20,, ,-,-
서울특별시 강남구 역삼동,755-4,755,4,e-편한세상,84.991,201609,6,"119,000",13,2005,선릉로69길 20,, ,-,-
서울특별시 강남구 역삼동,755-4,755,4,e-편한세상,84.991,201609,6,"105,000",1,2005,선릉로69길 20,, ,-,-
서울특별시 강남구 역삼동,755-4,755,4,e-편한세상,84.991,201609,6,"115,000",14,2005,선릉로69길 20,, ,-,-
서울특별시 강남구 역삼동,755-4,755,4,e-편한세상,84.991,201609,6,"112,000",4,2005,선릉로69길 20,, ,-,-
서울특별시 강남구 역삼동,755-4,755,4,e-편한세상,59.606,201609,10,"88,000",13,2005,선릉로69길 20,, ,-,-
서울특별시 강남구 역삼동,755-4,755,4,e-편한세상,84.991,201609,10,"119,000",5,2005,선릉로69길 20,, ,-,-
서울특별시 강남구 역삼동,755-4,755,4,e-편한세상,84.991,201609,11,"122,000",6,2005,선릉로69길 20,, ,-,-
서울특별시 강남구 역삼동,755-4,755,4,e-편한세상,84.675,201609,12,"109,500",6,2005,선릉로69길 20,, ,-,-
서울특별시 강남구 역삼동,755-4,755,4,e-편한세상,59.606,201609,24,"89,900",13,2005,선릉로69길 20,, ,-,-
서울특별시 강남구 역삼동,755-4,755,4,e-편한세상,59.606,201609,26,"90,000",25,2005,선릉로69길 20,, ,-,-
서울특별시 강남구 역삼동,755-4,755,4,e-편한세상,59.606,201609,26,"88,000",3,2005,선릉로69길 20,, ,-,-
서울특별시 강남구 역삼동,755-4,755,4,e-편한세상,59.606,201610,1,"86,000",4,2005,선릉로69길 20,, ,-,-
서울특별시 강남구 역삼동,755-4,755,4,e-편한세상,59.606,201610,5,"93,500",6,2005,선릉로69길 20,, ,-,-
서울특별시 강남구 역삼동,755-4,755,4,e-편한세상,84.991,201610,7,"119,500",13,2005,선릉로69길 20,, ,-,-
서울특별시 강남구 역삼동,755-4,755,4,e-편한세상,84.991,201610,11,"120,000",13,2005,선릉로69길 20,, ,-,-
서울특별시 강남구 역삼동,755-4,755,4,e-편한세상,59.606,201610,18,"89,500",3,2005,선릉로69길 20,, ,-,-
서울특별시 강남구 역삼동,755-4,755,4,e-편한세상,59.606,201610,24,"89,500",3,2005,선릉로69길 20,, ,-,-
서울특별시 강남구 역삼동,755-4,755,4,e-편한세상,59.606,201610,31,"90,000",19,2005,선릉로69길 20,, ,-,-
서울특별시 강남구 역삼동,755-4,755,4,e-편한세상,59.606,201612,20,"90,000",8,2005,선릉로69길 20,, ,-,-
서울특별시 강남구 역삼동,755-4,755,4,e-편한세상,84.991,201612,21,"117,500",3,2005,선릉로69길 20,, ,-,-
서울특별시 강남구 역삼동,796-29,796,29,강남서해더블루,71.26,201602,25,"53,500",6,2012,논현로63길 16,, ,-,-
서울특별시 강남구 역삼동,796-29,796,29,강남서해더블루,70.57,201603,9,"58,000",7,2012,논현로63길 16,, ,-,-
서울특별시 강남구 역삼동,796-29,796,29,강남서해더블루,70.57,201604,5,"58,000",5,2012,논현로63길 16,, ,-,-
서울특별시 강남구 역삼동,796-29,796,29,강남서해더블루,62.26,201608,9,"53,500",10,2012,논현로63길 16,, ,-,-
서울특별시 강남구 역삼동,796-29,796,29,강남서해더블루,78.57,201608,11,"67,500",7,2012,논현로63길 16,, ,-,-
서울특별시 강남구 역삼동,796-29,796,29,강남서해더블루,66.04,201608,18,"55,700",10,2012,논현로63길 16,, ,-,-
서울특별시 강남구 역삼동,796-29,796,29,강남서해더블루,62.26,201610,14,"55,500",10,2012,논현로63길 16,, ,-,-
서울특별시 강남구 역삼동,796-29,796,29,강남서해더블루,70.57,201611,5,"57,500",5,2012,논현로63길 16,, ,-,-
서울특별시 강남구 역삼동,796-29,796,29,강남서해더블루,70.57,201611,18,"59,000",4,2012,논현로63길 16,, ,-,-
서울특별시 강남구 역삼동,796-29,796,29,강남서해더블루,71.26,201612,6,"60,500",5,2012,논현로63길 16,, ,-,-
서울특별시 강남구 역삼동,823-7,823,7,강남역우정에쉐르,17.23,201605,3,"17,850",9,2004,테헤란로10길 10,, ,-,-
서울특별시 강남구 역삼동,823-7,823,7,강남역우정에쉐르,16.78,201605,15,"18,500",13,2004,테헤란로10길 10,, ,-,-
서울특별시 강남구 역삼동,823-7,823,7,강남역우정에쉐르,17.13,201605,28,"19,000",8,2004,테헤란로10길 10,, ,-,-
서울특별시 강남구 역삼동,823-7,823,7,강남역우정에쉐르,17.13,201608,7,"19,000",11,2004,테헤란로10길 10,, ,-,-
서울특별시 강남구 역삼동,823-7,823,7,강남역우정에쉐르,17.23,201610,11,"19,500",12,2004,테헤란로10길 10,, ,-,-
서울특별시 강남구 역삼동,823-7,823,7,강남역우정에쉐르,17.23,201612,2,"19,950",8,2004,테헤란로10길 10,, ,-,-
서울특별시 강남구 역삼동,794-19,794,19,강남한솔,74.61,201610,4,"52,000",2,2006,도곡로19길 17,, ,-,-
서울특별시 강남구 역삼동,794-19,794,19,강남한솔,74.61,201612,3,"46,500",2,2006,도곡로19길 17,, ,-,-
서울특별시 강남구 역삼동,712,712,0,개나리4,176.86,201601,5,"135,000",3,1979,언주로 406,, ,-,-
서울특별시 강남구 역삼동,712,712,0,개나리4,160.33,201601,29,"128,000",10,1979,언주로 406,, ,-,-
서울특별시 강남구 역삼동,712,712,0,개나리4,160.33,201602,26,"128,900",6,1979,언주로 406,, ,-,-
서울특별시 강남구 역삼동,712,712,0,개나리4,176.86,201604,1,"126,734",11,1979,언주로 406,, ,-,-
서울특별시 강남구 역삼동,712,712,0,개나리4,160.33,201604,13,"117,569",5,1979,언주로 406,, ,-,-
서울특별시 강남구 역삼동,712,712,0,개나리4,160.33,201605,21,"133,750",11,1979,언주로 406,, ,-,-
서울특별시 강남구 역삼동,712,712,0,개나리4,160.33,201606,28,"142,000",10,1979,언주로 406,, ,-,-
서울특별시 강남구 역삼동,712,712,0,개나리4,176.86,201608,19,"137,200",4,1979,언주로 406,, ,-,-
서울특별시 강남구 역삼동,712,712,0,개나리4,160.33,201608,26,"139,000",2,1979,언주로 406,, ,-,-
서울특별시 강남구 역삼동,712,712,0,개나리4,160.33,201608,27,"141,500",12,1979,언주로 406,, ,-,-
서울특별시 강남구 역삼동,712,712,0,개나리4,160.33,201609,11,"141,800",4,1979,언주로 406,, ,-,-
서울특별시 강남구 역삼동,712,712,0,개나리4,160.33,201609,19,"145,000",9,1979,언주로 406,, ,-,-
서울특별시 강남구 역삼동,712,712,0,개나리4,160.33,201609,24,"144,000",3,1979,언주로 406,, ,-,-
서울특별시 강남구 역삼동,712,712,0,개나리4,160.33,201610,8,"145,000",3,1979,언주로 406,, ,-,-
서울특별시 강남구 역삼동,712,712,0,개나리4,160.33,201610,17,"143,900",12,1979,언주로 406,, ,-,-
서울특별시 강남구 역삼동,712,712,0,개나리4,160.33,201612,17,"146,000",10,1979,언주로 406,, ,-,-
서울특별시 강남구 역삼동,716-3,716,3,개나리SK뷰,84.99,201603,23,"123,000",20,2012,역삼로 315-1,, ,-,-
서울특별시 강남구 역삼동,716-3,716,3,개나리SK뷰,127.27,201603,24,"164,000",3,2012,역삼로 315-1,, ,-,-
서울특별시 강남구 역삼동,716-3,716,3,개나리SK뷰,84.98,201603,25,"122,000",2,2012,역삼로 315-1,, ,-,-
서울특별시 강남구 역삼동,716-3,716,3,개나리SK뷰,84.98,201603,29,"127,000",9,2012,역삼로 315-1,, ,-,-
서울특별시 강남구 역삼동,716-3,716,3,개나리SK뷰,127.27,201604,15,"168,000",17,2012,역삼로 315-1,, ,-,-
서울특별시 강남구 역삼동,716-3,716,3,개나리SK뷰,84.98,201609,12,"128,000",4,2012,역삼로 315-1,, ,-,-
서울특별시 강남구 역삼동,716-3,716,3,개나리SK뷰,127.27,201610,17,"171,000",19,2012,역삼로 315-1,, ,-,-
서울특별시 강남구 역삼동,716-3,716,3,개나리SK뷰,84.99,201610,17,"127,500",15,2012,역삼로 315-1,, ,-,-
서울특별시 강남구 역삼동,716-3,716,3,개나리SK뷰,84.99,201610,24,"134,000",7,2012,역삼로 315-1,, ,-,-
서울특별시 강남구 역삼동,754,754,0,개나리래미안,84.93,201603,2,"114,800",8,2006,역삼로 306,, ,-,-
서울특별시 강남구 역삼동,754,754,0,개나리래미안,84.93,201604,6,"107,000",14,2006,역삼로 306,, ,-,-
서울특별시 강남구 역삼동,754,754,0,개나리래미안,84.93,201604,18,"115,000",13,2006,역삼로 306,, ,-,-
서울특별시 강남구 역삼동,754,754,0,개나리래미안,59.95,201604,20,"88,000",9,2006,역삼로 306,, ,-,-
서울특별시 강남구 역삼동,754,754,0,개나리래미안,84.93,201605,2,"105,000",6,2006,역삼로 306,, ,-,-
서울특별시 강남구 역삼동,754,754,0,개나리래미안,84.93,201605,4,"118,500",14,2006,역삼로 306,, ,-,-
서울특별시 강남구 역삼동,754,754,0,개나리래미안,129.8,201605,22,"136,000",10,2006,역삼로 306,, ,-,-
서울특별시 강남구 역삼동,754,754,0,개나리래미안,59.95,201606,4,"84,000",9,2006,역삼로 306,, ,-,-
서울특별시 강남구 역삼동,754,754,0,개나리래미안,144.55,201606,10,"147,000",5,2006,역삼로 306,, ,-,-
서울특별시 강남구 역삼동,754,754,0,개나리래미안,84.93,201606,25,"114,500",6,2006,역삼로 306,, ,-,-
서울특별시 강남구 역삼동,754,754,0,개나리래미안,114.65,201607,11,"135,000",7,2006,역삼로 306,, ,-,-
서울특별시 강남구 역삼동,754,754,0,개나리래미안,59.95,201607,22,"86,000",17,2006,역삼로 306,, ,-,-
서울특별시 강남구 역삼동,754,754,0,개나리래미안,84.93,201607,22,"119,000",7,2006,역삼로 306,, ,-,-
서울특별시 강남구 역삼동,754,754,0,개나리래미안,59.7,201607,24,"86,000",16,2006,역삼로 306,, ,-,-
서울특별시 강남구 역삼동,754,754,0,개나리래미안,59.93,201607,25,"89,500",11,2006,역삼로 306,, ,-,-
서울특별시 강남구 역삼동,754,754,0,개나리래미안,114.65,201607,30,"135,000",12,2006,역삼로 306,, ,-,-
서울특별시 강남구 역삼동,754,754,0,개나리래미안,59.93,201608,13,"87,500",15,2006,역삼로 306,, ,-,-
서울특별시 강남구 역삼동,754,754,0,개나리래미안,59.93,201608,17,"81,700",2,2006,역삼로 306,, ,-,-
서울특별시 강남구 역삼동,754,754,0,개나리래미안,84.93,201608,22,"125,000",8,2006,역삼로 306,, ,-,-
서울특별시 강남구 역삼동,754,754,0,개나리래미안,129.8,201608,25,"137,000",5,2006,역삼로 306,, ,-,-
서울특별시 강남구 역삼동,754,754,0,개나리래미안,84.93,201608,26,"110,000",4,2006,역삼로 306,, ,-,-
서울특별시 강남구 역삼동,754,754,0,개나리래미안,59.95,201609,9,"91,500",14,2006,역삼로 306,, ,-,-
서울특별시 강남구 역삼동,754,754,0,개나리래미안,84.93,201609,9,"117,500",7,2006,역삼로 306,, ,-,-
서울특별시 강남구 역삼동,754,754,0,개나리래미안,129.8,201609,21,"137,000",10,2006,역삼로 306,, ,-,-
서울특별시 강남구 역삼동,754,754,0,개나리래미안,84.93,201609,26,"119,800",17,2006,역삼로 306,, ,-,-
서울특별시 강남구 역삼동,754,754,0,개나리래미안,129.8,201609,28,"140,000",5,2006,역삼로 306,, ,-,-
서울특별시 강남구 역삼동,754,754,0,개나리래미안,114.65,201609,29,"140,500",11,2006,역삼로 306,, ,-,-
서울특별시 강남구 역삼동,754,754,0,개나리래미안,84.93,201610,1,"120,000",3,2006,역삼로 306,, ,-,-
서울특별시 강남구 역삼동,754,754,0,개나리래미안,144.55,201610,15,"149,000",9,2006,역삼로 306,, ,-,-
서울특별시 강남구 역삼동,754,754,0,개나리래미안,129.96,201610,20,"144,000",11,2006,역삼로 306,, ,-,-
서울특별시 강남구 역삼동,754,754,0,개나리래미안,84.93,201610,22,"120,000",5,2006,역삼로 306,, ,-,-
서울특별시 강남구 역삼동,754,754,0,개나리래미안,59.7,201611,29,"92,500",4,2006,역삼로 306,, ,-,-
서울특별시 강남구 역삼동,754,754,0,개나리래미안,129.8,201612,2,"142,500",20,2006,역삼로 306,, ,-,-
서울특별시 강남구 역삼동,754,754,0,개나리래미안,114.65,201612,22,"144,500",12,2006,역삼로 306,, ,-,-
서울특별시 강남구 역삼동,755-1,755,1,개나리푸르지오,59.6851,201603,30,"89,000",8,2006,역삼로 314,, ,-,-
서울특별시 강남구 역삼동,755-1,755,1,개나리푸르지오,84.6815,201604,13,"115,000",6,2006,역삼로 314,, ,-,-
서울특별시 강남구 역삼동,755-1,755,1,개나리푸르지오,84.6815,201604,20,"119,000",10,2006,역삼로 314,, ,-,-
서울특별시 강남구 역삼동,755-1,755,1,개나리푸르지오,84.9876,201604,27,"125,000",7,2006,역삼로 314,, ,-,-
서울특별시 강남구 역삼동,755-1,755,1,개나리푸르지오,132.8355,201605,19,"152,900",20,2006,역삼로 314,, ,-,-
서울특별시 강남구 역삼동,755-1,755,1,개나리푸르지오,133.1686,201605,20,"151,500",15,2006,역삼로 314,, ,-,-
서울특별시 강남구 역삼동,755-1,755,1,개나리푸르지오,84.6815,201606,18,"117,000",14,2006,역삼로 314,, ,-,-
서울특별시 강남구 역삼동,755-1,755,1,개나리푸르지오,132.8355,201608,9,"144,500",3,2006,역삼로 314,, ,-,-
서울특별시 강남구 역삼동,755-1,755,1,개나리푸르지오,147.9554,201609,9,"156,000",3,2006,역삼로 314,, ,-,-
서울특별시 강남구 역삼동,755-1,755,1,개나리푸르지오,84.9876,201609,12,"130,000",14,2006,역삼로 314,, ,-,-
서울특별시 강남구 역삼동,755-1,755,1,개나리푸르지오,147.9554,201609,30,"158,500",19,2006,역삼로 314,, ,-,-
서울특별시 강남구 역삼동,755-1,755,1,개나리푸르지오,148.8017,201610,4,"163,000",7,2006,역삼로 314,, ,-,-
서울특별시 강남구 역삼동,755-1,755,1,개나리푸르지오,59.9885,201610,11,"100,000",13,2006,역삼로 314,, ,-,-
서울특별시 강남구 역삼동,755-1,755,1,개나리푸르지오,147.9554,201610,25,"164,000",18,2006,역삼로 314,, ,-,-
서울특별시 강남구 역삼동,755-1,755,1,개나리푸르지오,148.8017,201611,11,"163,000",12,2006,역삼로 314,, ,-,-
서울특별시 강남구 역삼동,755-1,755,1,개나리푸르지오,133.1686,201611,28,"151,500",19,2006,역삼로 314,, ,-,-
서울특별시 강남구 역삼동,783-3,783,3,갤러리하우스,76.52,201606,11,"59,700",5,2002,도곡로33길 16,, ,-,-
서울특별시 강남구 역삼동,783-3,783,3,갤러리하우스,81.1,201608,2,"37,000",3,2002,도곡로33길 16,, ,-,-
서울특별시 강남구 역삼동,794-28,794,28,거평빌라트,210.15,201604,26,"85,500",1,1996,도곡로17길 12,, ,-,-
서울특별시 강남구 역삼동,722,722,0,경남아너스빌,84.932,201602,14,"61,500",2,2002,언주로85길 13,, ,-,-
서울특별시 강남구 역삼동,722,722,0,경남아너스빌,84.932,201602,20,"69,000",7,2002,언주로85길 13,, ,-,-
서울특별시 강남구 역삼동,722,722,0,경남아너스빌,81.013,201603,10,"64,500",7,2002,언주로85길 13,, ,-,-
서울특별시 강남구 역삼동,722,722,0,경남아너스빌,84.688,201605,10,"71,300",9,2002,언주로85길 13,, ,-,-
서울특별시 강남구 역삼동,722,722,0,경남아너스빌,84.688,201607,20,"66,750",12,2002,언주로85길 13,, ,-,-
서울특별시 강남구 역삼동,722,722,0,경남아너스빌,81.013,201609,9,"69,700",16,2002,언주로85길 13,, ,-,-
서울특별시 강남구 역삼동,722,722,0,경남아너스빌,84.688,201610,3,"67,500",12,2002,언주로85길 13,, ,-,-
서울특별시 강남구 역삼동,722,722,0,경남아너스빌,84.688,201610,6,"71,500",9,2002,언주로85길 13,, ,-,-
서울특별시 강남구 역삼동,722,722,0,경남아너스빌,81.013,201610,12,"70,000",9,2002,언주로85길 13,, ,-,-
서울특별시 강남구 역삼동,722,722,0,경남아너스빌,84.688,201610,20,"66,500",17,2002,언주로85길 13,, ,-,-
서울특별시 강남구 역삼동,722,722,0,경남아너스빌,84.688,201610,29,"68,000",16,2002,언주로85길 13,, ,-,-
서울특별시 강남구 역삼동,722,722,0,경남아너스빌,81.013,201612,8,"73,000",9,2002,언주로85길 13,, ,-,-
서울특별시 강남구 역삼동,722,722,0,경남아너스빌,84.688,201612,12,"63,000",4,2002,언주로85길 13,, ,-,-
서울특별시 강남구 역삼동,775-14,775,14,경일역삼,110.49,201609,21,"57,000",5,2002,논현로72길 32,, ,-,-
서울특별시 강남구 역삼동,835-67,835,67,금호어울림,133.77,201603,17,"93,000",4,2003,도곡로7길 22,, ,-,-
서울특별시 강남구 역삼동,835-67,835,67,금호어울림,132.88,201606,18,"89,300",6,2003,도곡로7길 22,, ,-,-
서울특별시 강남구 역삼동,835-67,835,67,금호어울림,132.88,201606,23,"89,300",5,2003,도곡로7길 22,, ,-,-
서울특별시 강남구 역삼동,835-67,835,67,금호어울림,133.77,201606,26,"97,000",9,2003,도곡로7길 22,, ,-,-
서울특별시 강남구 역삼동,835-67,835,67,금호어울림,133.77,201606,30,"89,500",2,2003,도곡로7길 22,, ,-,-
서울특별시 강남구 역삼동,835-67,835,67,금호어울림,133.77,201607,11,"91,500",3,2003,도곡로7길 22,, ,-,-
서울특별시 강남구 역삼동,835-67,835,67,금호어울림,132.88,201607,14,"92,500",14,2003,도곡로7길 22,, ,-,-
서울특별시 강남구 역삼동,835-67,835,67,금호어울림,84.95,201607,30,"80,300",9,2003,도곡로7길 22,, ,-,-
서울특별시 강남구 역삼동,835-67,835,67,금호어울림,84.95,201608,16,"78,000",4,2003,도곡로7길 22,, ,-,-
서울특별시 강남구 역삼동,835-67,835,67,금호어울림,132.88,201609,3,"90,000",3,2003,도곡로7길 22,, ,-,-
서울특별시 강남구 역삼동,835-67,835,67,금호어울림,133.95,201609,24,"98,000",13,2003,도곡로7길 22,, ,-,-
서울특별시 강남구 역삼동,835-67,835,67,금호어울림,133.77,201609,26,"102,000",14,2003,도곡로7길 22,, ,-,-
서울특별시 강남구 역삼동,835-67,835,67,금호어울림,132.88,201609,29,"93,000",15,2003,도곡로7길 22,, ,-,-
서울특별시 강남구 역삼동,835-67,835,67,금호어울림,132.88,201611,22,"90,000",8,2003,도곡로7길 22,, ,-,-
서울특별시 강남구 역삼동,728-10,728,10,네스빌(728-10),244.52,201604,29,"108,000",1,1996,테헤란로28길 47,, ,-,-
서울특별시 강남구 역삼동,747,747,0,노블스위트,77.36,201609,27,"45,200",6,2003,역삼로19길 14,, ,-,-
서울특별시 강남구 역삼동,747,747,0,노블스위트,78.94,201611,4,"57,000",4,2003,역삼로19길 14,, ,-,-
서울특별시 강남구 역삼동,794-24,794,24,노블카운티,81.85,201603,2,"49,500",2,2003,도곡로19길 13,, ,-,-
서울특별시 강남구 역삼동,761-10,761,10,대림역삼,84.96,201601,10,"70,000",8,1997,언주로 316,, ,-,-
서울특별시 강남구 역삼동,761-10,761,10,대림역삼,59.66,201602,5,"58,000",3,1997,언주로 316,, ,-,-
서울특별시 강남구 역삼동,761-10,761,10,대림역삼,59.66,201602,15,"55,000",14,1997,언주로 316,, ,-,-
서울특별시 강남구 역삼동,761-10,761,10,대림역삼,84.96,201602,17,"67,000",2,1997,언주로 316,, ,-,-
서울특별시 강남구 역삼동,761-10,761,10,대림역삼,59.99,201603,26,"64,500",11,1997,언주로 316,, ,-,-
서울특별시 강남구 역삼동,761-10,761,10,대림역삼,84.96,201604,30,"70,000",9,1997,언주로 316,, ,-,-
서울특별시 강남구 역삼동,761-10,761,10,대림역삼,84.96,201605,28,"74,000",5,1997,언주로 316,, ,-,-
서울특별시 강남구 역삼동,761-10,761,10,대림역삼,59.66,201606,1,"60,000",11,1997,언주로 316,, ,-,-
서울특별시 강남구 역삼동,761-10,761,10,대림역삼,84.96,201606,20,"72,500",12,1997,언주로 316,, ,-,-
서울특별시 강남구 역삼동,761-10,761,10,대림역삼,84.96,201607,18,"75,000",6,1997,언주로 316,, ,-,-
서울특별시 강남구 역삼동,761-10,761,10,대림역삼,84.96,201608,13,"77,500",12,1997,언주로 316,, ,-,-
서울특별시 강남구 역삼동,761-10,761,10,대림역삼,84.96,201608,24,"74,500",4,1997,언주로 316,, ,-,-
서울특별시 강남구 역삼동,761-10,761,10,대림역삼,59.66,201608,26,"64,800",17,1997,언주로 316,, ,-,-
서울특별시 강남구 역삼동,761-10,761,10,대림역삼,59.66,201609,20,"66,200",17,1997,언주로 316,, ,-,-
서울특별시 강남구 역삼동,761-10,761,10,대림역삼,84.96,201609,20,"74,500",11,1997,언주로 316,, ,-,-
서울특별시 강남구 역삼동,761-10,761,10,대림역삼,59.66,201609,30,"64,000",16,1997,언주로 316,, ,-,-
서울특별시 강남구 역삼동,727-2,727,2,대명벨리온,14.302,201604,25,"22,500",6,2012,역삼로25길 27,, ,-,-
서울특별시 강남구 역삼동,727-2,727,2,대명벨리온,17.684,201607,28,"22,300",2,2012,역삼로25길 27,, ,-,-
서울특별시 강남구 역삼동,720-25,720,25,대우디오빌,30.03,201601,9,"25,000",14,2002,언주로 427,, ,-,-
서울특별시 강남구 역삼동,720-25,720,25,대우디오빌,59.505,201601,13,"51,850",23,2002,언주로 427,, ,-,-
서울특별시 강남구 역삼동,720-25,720,25,대우디오빌,84.986,201602,20,"60,000",16,2002,언주로 427,, ,-,-
서울특별시 강남구 역삼동,720-25,720,25,대우디오빌,36.96,201603,12,"36,000",22,2002,언주로 427,, ,-,-
서울특별시 강남구 역삼동,720-25,720,25,대우디오빌,59.505,201603,18,"49,800",22,2002,언주로 427,, ,-,-
서울특별시 강남구 역삼동,720-25,720,25,대우디오빌,59.15,201603,21,"49,500",26,2002,언주로 427,, ,-,-
서울특별시 강남구 역삼동,720-25,720,25,대우디오빌,59.145,201603,24,"44,000",4,2002,언주로 427,, ,-,-
서울특별시 강남구 역삼동,720-25,720,25,대우디오빌,30.03,201604,8,"27,000",18,2002,언주로 427,, ,-,-
서울특별시 강남구 역삼동,720-25,720,25,대우디오빌,36.96,201604,16,"35,000",21,2002,언주로 427,, ,-,-
서울특별시 강남구 역삼동,720-25,720,25,대우디오빌,30.03,201604,20,"25,000",11,2002,언주로 427,, ,-,-
서울특별시 강남구 역삼동,720-25,720,25,대우디오빌,84.986,201604,21,"61,000",8,2002,언주로 427,, ,-,-
서울특별시 강남구 역삼동,720-25,720,25,대우디오빌,39.13,201604,22,"30,000",6,2002,언주로 427,, ,-,-
서울특별시 강남구 역삼동,720-25,720,25,대우디오빌,59.145,201605,24,"49,900",10,2002,언주로 427,, ,-,-
서울특별시 강남구 역삼동,720-25,720,25,대우디오빌,59.145,201606,11,"50,000",17,2002,언주로 427,, ,-,-
서울특별시 강남구 역삼동,720-25,720,25,대우디오빌,39.13,201606,13,"33,000",18,2002,언주로 427,, ,-,-
서울특별시 강남구 역삼동,720-25,720,25,대우디오빌,30.03,201606,16,"24,500",4,2002,언주로 427,, ,-,-
서울특별시 강남구 역삼동,720-25,720,25,대우디오빌,30.03,201607,6,"24,900",5,2002,언주로 427,, ,-,-
서울특별시 강남구 역삼동,720-25,720,25,대우디오빌,30.03,201607,21,"25,400",5,2002,언주로 427,, ,-,-
서울특별시 강남구 역삼동,720-25,720,25,대우디오빌,59.505,201608,12,"53,000",24,2002,언주로 427,, ,-,-
서울특별시 강남구 역삼동,720-25,720,25,대우디오빌,30.03,201608,23,"22,000",4,2002,언주로 427,, ,-,-
서울특별시 강남구 역삼동,720-25,720,25,대우디오빌,30.03,201609,1,"27,250",18,2002,언주로 427,, ,-,-
서울특별시 강남구 역삼동,720-25,720,25,대우디오빌,30.03,201609,1,"26,500",15,2002,언주로 427,, ,-,-
서울특별시 강남구 역삼동,720-25,720,25,대우디오빌,30.03,201609,3,"26,200",6,2002,언주로 427,, ,-,-
서울특별시 강남구 역삼동,720-25,720,25,대우디오빌,59.15,201610,4,"55,000",22,2002,언주로 427,, ,-,-
서울특별시 강남구 역삼동,720-25,720,25,대우디오빌,39.13,201610,5,"33,200",18,2002,언주로 427,, ,-,-
서울특별시 강남구 역삼동,720-25,720,25,대우디오빌,30.03,201610,11,"28,000",15,2002,언주로 427,, ,-,-
서울특별시 강남구 역삼동,720-25,720,25,대우디오빌,84.986,201611,9,"65,000",24,2002,언주로 427,, ,-,-
서울특별시 강남구 역삼동,720-25,720,25,대우디오빌,59.505,201611,9,"58,000",26,2002,언주로 427,, ,-,-
서울특별시 강남구 역삼동,720-25,720,25,대우디오빌,30.03,201611,23,"27,900",16,2002,언주로 427,, ,-,-
서울특별시 강남구 역삼동,720-25,720,25,대우디오빌,30.03,201612,3,"27,500",10,2002,언주로 427,, ,-,-
서울특별시 강남구 역삼동,720-25,720,25,대우디오빌,30.03,201612,8,"27,450",5,2002,언주로 427,, ,-,-
서울특별시 강남구 역삼동,824-25,824,25,대우디오빌플러스,34.41,201603,27,"26,000",2,2004,강남대로84길 33,, ,-,-
서울특별시 강남구 역삼동,824-25,824,25,대우디오빌플러스,43.99,201604,9,"35,000",3,2004,강남대로84길 33,, ,-,-
서울특별시 강남구 역삼동,824-25,824,25,대우디오빌플러스,43.99,201605,18,"36,800",11,2004,강남대로84길 33,, ,-,-
서울특별시 강남구 역삼동,824-25,824,25,대우디오빌플러스,34.41,201607,13,"28,500",4,2004,강남대로84길 33,, ,-,-
서울특별시 강남구 역삼동,824-25,824,25,대우디오빌플러스,43.99,201608,19,"36,700",4,2004,강남대로84길 33,, ,-,-
서울특별시 강남구 역삼동,824-25,824,25,대우디오빌플러스,43.99,201611,22,"36,800",4,2004,강남대로84길 33,, ,-,-
서울특별시 강남구 역삼동,716,716,0,동부센트레빌,84.97,201602,25,"84,500",7,1998,선릉로 423,, ,-,-
서울특별시 강남구 역삼동,716,716,0,동부센트레빌,84.97,201603,11,"85,000",9,1998,선릉로 423,, ,-,-
서울특별시 강남구 역삼동,716,716,0,동부센트레빌,59.82,201604,16,"70,000",20,1998,선릉로 423,, ,-,-
서울특별시 강남구 역삼동,716,716,0,동부센트레빌,84.97,201604,23,"89,500",9,1998,선릉로 423,, ,-,-
서울특별시 강남구 역삼동,716,716,0,동부센트레빌,84.97,201604,26,"87,500",5,1998,선릉로 423,, ,-,-
서울특별시 강남구 역삼동,716,716,0,동부센트레빌,84.97,201604,29,"84,000",8,1998,선릉로 423,, ,-,-
서울특별시 강남구 역삼동,716,716,0,동부센트레빌,84.97,201606,7,"90,000",18,1998,선릉로 423,, ,-,-
서울특별시 강남구 역삼동,716,716,0,동부센트레빌,59.97,201606,18,"67,000",5,1998,선릉로 423,, ,-,-
서울특별시 강남구 역삼동,716,716,0,동부센트레빌,84.97,201607,7,"89,000",19,1998,선릉로 423,, ,-,-
서울특별시 강남구 역삼동,716,716,0,동부센트레빌,59.82,201607,15,"71,000",16,1998,선릉로 423,, ,-,-
서울특별시 강남구 역삼동,716,716,0,동부센트레빌,59.82,201607,30,"72,700",19,1998,선릉로 423,, ,-,-
서울특별시 강남구 역삼동,716,716,0,동부센트레빌,84.97,201607,31,"82,000",1,1998,선릉로 423,, ,-,-
서울특별시 강남구 역삼동,716,716,0,동부센트레빌,59.97,201608,8,"73,500",9,1998,선릉로 423,, ,-,-
서울특별시 강남구 역삼동,716,716,0,동부센트레빌,59.97,201609,9,"68,500",1,1998,선릉로 423,, ,-,-
서울특별시 강남구 역삼동,716,716,0,동부센트레빌,59.82,201610,11,"74,500",9,1998,선릉로 423,, ,-,-
서울특별시 강남구 역삼동,716,716,0,동부센트레빌,59.97,201610,17,"75,000",4,1998,선릉로 423,, ,-,-
서울특별시 강남구 역삼동,716,716,0,동부센트레빌,84.97,201611,25,"91,500",13,1998,선릉로 423,, ,-,-
서울특별시 강남구 역삼동,716,716,0,동부센트레빌,59.97,201612,17,"78,500",21,1998,선릉로 423,, ,-,-
서울특별시 강남구 역삼동,763-16,763,16,래미안그레이튼,142.06,201603,7,"152,000",5,2009,도곡로43길 20,, ,-,-
서울특별시 강남구 역삼동,763-16,763,16,래미안그레이튼,142.06,201603,9,"162,800",17,2009,도곡로43길 20,, ,-,-
서울특별시 강남구 역삼동,763-16,763,16,래미안그레이튼,142.06,201603,23,"161,000",8,2009,도곡로43길 20,, ,-,-
서울특별시 강남구 역삼동,763-16,763,16,래미안그레이튼,59.97,201604,9,"85,000",17,2009,도곡로43길 20,, ,-,-
서울특별시 강남구 역삼동,763-16,763,16,래미안그레이튼,59.97,201604,9,"83,000",11,2009,도곡로43길 20,, ,-,-
서울특별시 강남구 역삼동,763-16,763,16,래미안그레이튼,84.97,201604,14,"107,800",16,2009,도곡로43길 20,, ,-,-
서울특별시 강남구 역삼동,763-16,763,16,래미안그레이튼,59.97,201604,14,"83,500",16,2009,도곡로43길 20,, ,-,-
서울특별시 강남구 역삼동,763-16,763,16,래미안그레이튼,59.97,201604,24,"82,800",12,2009,도곡로43길 20,, ,-,-
서울특별시 강남구 역삼동,763-16,763,16,래미안그레이튼,59.97,201605,11,"83,000",14,2009,도곡로43길 20,, ,-,-
서울특별시 강남구 역삼동,763-16,763,16,래미안그레이튼,84.97,201605,16,"116,000",9,2009,도곡로43길 20,, ,-,-
서울특별시 강남구 역삼동,763-16,763,16,래미안그레이튼,142.06,201605,19,"160,000",4,2009,도곡로43길 20,, ,-,-
서울특별시 강남구 역삼동,763-16,763,16,래미안그레이튼,59.97,201605,27,"86,500",10,2009,도곡로43길 20,, ,-,-
서울특별시 강남구 역삼동,763-16,763,16,래미안그레이튼,59.97,201606,2,"84,500",20,2009,도곡로43길 20,, ,-,-
서울특별시 강남구 역삼동,763-16,763,16,래미안그레이튼,59.97,201606,13,"83,800",5,2009,도곡로43길 20,, ,-,-
서울특별시 강남구 역삼동,763-16,763,16,래미안그레이튼,84.97,201606,28,"105,000",4,2009,도곡로43길 20,, ,-,-
서울특별시 강남구 역삼동,763-16,763,16,래미안그레이튼,70.98,201607,2,"97,500",13,2009,도곡로43길 20,, ,-,-
서울특별시 강남구 역삼동,763-16,763,16,래미안그레이튼,59.97,201607,8,"85,500",12,2009,도곡로43길 20,, ,-,-
서울특별시 강남구 역삼동,763-16,763,16,래미안그레이튼,142.06,201607,14,"164,500",12,2009,도곡로43길 20,, ,-,-
서울특별시 강남구 역삼동,763-16,763,16,래미안그레이튼,59.97,201607,21,"86,800",15,2009,도곡로43길 20,, ,-,-
서울특별시 강남구 역삼동,763-16,763,16,래미안그레이튼,70.98,201607,23,"94,500",5,2009,도곡로43길 20,, ,-,-
서울특별시 강남구 역삼동,763-16,763,16,래미안그레이튼,70.98,201607,27,"96,000",6,2009,도곡로43길 20,, ,-,-
서울특별시 강남구 역삼동,763-16,763,16,래미안그레이튼,70.98,201607,30,"97,300",13,2009,도곡로43길 20,, ,-,-
서울특별시 강남구 역삼동,763-16,763,16,래미안그레이튼,84.97,201608,3,"108,800",4,2009,도곡로43길 20,, ,-,-
서울특별시 강남구 역삼동,763-16,763,16,래미안그레이튼,84.97,201608,10,"119,000",10,2009,도곡로43길 20,, ,-,-
서울특별시 강남구 역삼동,763-16,763,16,래미안그레이튼,142.06,201608,31,"165,800",12,2009,도곡로43길 20,, ,-,-
서울특별시 강남구 역삼동,763-16,763,16,래미안그레이튼,70.98,201609,1,"98,000",11,2009,도곡로43길 20,, ,-,-
서울특별시 강남구 역삼동,763-16,763,16,래미안그레이튼,84.97,201609,6,"118,000",17,2009,도곡로43길 20,, ,-,-
서울특별시 강남구 역삼동,763-16,763,16,래미안그레이튼,84.97,201609,8,"118,000",19,2009,도곡로43길 20,, ,-,-
서울특별시 강남구 역삼동,763-16,763,16,래미안그레이튼,70.98,201609,8,"98,300",6,2009,도곡로43길 20,, ,-,-
서울특별시 강남구 역삼동,763-16,763,16,래미안그레이튼,70.98,201609,21,"95,500",2,2009,도곡로43길 20,, ,-,-
서울특별시 강남구 역삼동,763-16,763,16,래미안그레이튼,84.97,201609,22,"115,200",13,2009,도곡로43길 20,, ,-,-
서울특별시 강남구 역삼동,763-16,763,16,래미안그레이튼,84.97,201610,5,"120,000",11,2009,도곡로43길 20,, ,-,-
서울특별시 강남구 역삼동,763-16,763,16,래미안그레이튼,142.06,201610,14,"170,000",7,2009,도곡로43길 20,, ,-,-
서울특별시 강남구 역삼동,763-16,763,16,래미안그레이튼,70.98,201610,17,"103,000",6,2009,도곡로43길 20,, ,-,-
서울특별시 강남구 역삼동,763-16,763,16,래미안그레이튼,84.97,201611,6,"124,000",9,2009,도곡로43길 20,, ,-,-
서울특별시 강남구 역삼동,763-16,763,16,래미안그레이튼,84.97,201611,12,"118,800",4,2009,도곡로43길 20,, ,-,-
서울특별시 강남구 역삼동,763-16,763,16,래미안그레이튼,142.06,201612,2,"157,500",6,2009,도곡로43길 20,, ,-,-
서울특별시 강남구 역삼동,762-3,762,3,래미안그레이튼(진달래2차),105.89,201601,13,"125,000",15,2010,도곡로43길 21,, ,-,-
서울특별시 강남구 역삼동,762-3,762,3,래미안그레이튼(진달래2차),59.91,201602,20,"81,300",20,2010,도곡로43길 21,, ,-,-
서울특별시 강남구 역삼동,762-3,762,3,래미안그레이튼(진달래2차),121.54,201603,7,"126,000",3,2010,도곡로43길 21,, ,-,-
서울특별시 강남구 역삼동,762-3,762,3,래미안그레이튼(진달래2차),84.87,201603,28,"100,000",20,2010,도곡로 306,, ,-,-
서울특별시 강남구 역삼동,762-3,762,3,래미안그레이튼(진달래2차),120.37,201605,11,"128,800",31,2010,도곡로43길 21,, ,-,-
서울특별시 강남구 역삼동,762-3,762,3,래미안그레이튼(진달래2차),84.87,201605,16,"98,000",2,2010,도곡로 306,, ,-,-
서울특별시 강남구 역삼동,762-3,762,3,래미안그레이튼(진달래2차),84.87,201605,20,"103,000",11,2010,도곡로 306,, ,-,-
서울특별시 강남구 역삼동,762-3,762,3,래미안그레이튼(진달래2차),120.37,201605,30,"124,000",7,2010,도곡로43길 21,, ,-,-
서울특별시 강남구 역삼동,762-3,762,3,래미안그레이튼(진달래2차),120.37,201606,13,"126,800",16,2010,도곡로43길 21,, ,-,-
서울특별시 강남구 역삼동,762-3,762,3,래미안그레이튼(진달래2차),121.54,201606,17,"135,000",9,2010,도곡로43길 21,, ,-,-
서울특별시 강남구 역삼동,762-3,762,3,래미안그레이튼(진달래2차),105.89,201606,24,"128,500",24,2010,도곡로43길 21,, ,-,-
서울특별시 강남구 역삼동,762-3,762,3,래미안그레이튼(진달래2차),84.87,201607,16,"105,500",6,2010,도곡로 306,, ,-,-
서울특별시 강남구 역삼동,762-3,762,3,래미안그레이튼(진달래2차),105.89,201607,20,"128,000",23,2010,도곡로43길 21,, ,-,-
서울특별시 강남구 역삼동,762-3,762,3,래미안그레이튼(진달래2차),59.91,201608,2,"86,800",17,2010,도곡로43길 21,, ,-,-
서울특별시 강남구 역삼동,762-3,762,3,래미안그레이튼(진달래2차),84.87,201608,6,"105,000",9,2010,도곡로 306,, ,-,-
서울특별시 강남구 역삼동,762-3,762,3,래미안그레이튼(진달래2차),59.78,201608,6,"89,800",20,2010,도곡로43길 21,, ,-,-
서울특별시 강남구 역삼동,762-3,762,3,래미안그레이튼(진달래2차),84.87,201608,17,"111,900",12,2010,도곡로 306,, ,-,-
서울특별시 강남구 역삼동,762-3,762,3,래미안그레이튼(진달래2차),84.87,201608,19,"108,000",4,2010,도곡로 306,, ,-,-
서울특별시 강남구 역삼동,762-3,762,3,래미안그레이튼(진달래2차),84.87,201608,22,"105,000",13,2010,도곡로 306,, ,-,-
서울특별시 강남구 역삼동,762-3,762,3,래미안그레이튼(진달래2차),84.87,201608,26,"100,000",2,2010,도곡로 306,, ,-,-
서울특별시 강남구 역삼동,762-3,762,3,래미안그레이튼(진달래2차),84.81,201608,29,"109,000",25,2010,도곡로43길 21,, ,-,-
서울특별시 강남구 역삼동,762-3,762,3,래미안그레이튼(진달래2차),120.37,201608,29,"136,000",34,2010,도곡로43길 21,, ,-,-
서울특별시 강남구 역삼동,762-3,762,3,래미안그레이튼(진달래2차),59.78,201609,1,"90,000",18,2010,도곡로43길 21,, ,-,-
서울특별시 강남구 역삼동,762-3,762,3,래미안그레이튼(진달래2차),84.81,201609,3,"104,000",2,2010,도곡로43길 21,, ,-,-
서울특별시 강남구 역삼동,762-3,762,3,래미안그레이튼(진달래2차),105.89,201609,6,"130,000",26,2010,도곡로43길 21,, ,-,-
서울특별시 강남구 역삼동,762-3,762,3,래미안그레이튼(진달래2차),59.91,201609,7,"89,980",11,2010,도곡로43길 21,, ,-,-
서울특별시 강남구 역삼동,762-3,762,3,래미안그레이튼(진달래2차),84.87,201609,10,"104,000",8,2010,도곡로 306,, ,-,-
서울특별시 강남구 역삼동,762-3,762,3,래미안그레이튼(진달래2차),59.78,201609,13,"88,500",6,2010,도곡로43길 21,, ,-,-
서울특별시 강남구 역삼동,762-3,762,3,래미안그레이튼(진달래2차),105.89,201609,24,"130,000",19,2010,도곡로43길 21,, ,-,-
서울특별시 강남구 역삼동,762-3,762,3,래미안그레이튼(진달래2차),105.89,201609,30,"128,000",12,2010,도곡로43길 21,, ,-,-
서울특별시 강남구 역삼동,762-3,762,3,래미안그레이튼(진달래2차),105.89,201610,1,"125,000",7,2010,도곡로43길 21,, ,-,-
서울특별시 강남구 역삼동,762-3,762,3,래미안그레이튼(진달래2차),84.87,201610,4,"113,000",19,2010,도곡로 306,, ,-,-
서울특별시 강남구 역삼동,762-3,762,3,래미안그레이튼(진달래2차),120.37,201610,6,"135,000",27,2010,도곡로43길 21,, ,-,-
서울특별시 강남구 역삼동,762-3,762,3,래미안그레이튼(진달래2차),84.87,201610,8,"110,000",15,2010,도곡로 306,, ,-,-
서울특별시 강남구 역삼동,762-3,762,3,래미안그레이튼(진달래2차),84.87,201610,10,"110,000",5,2010,도곡로 306,, ,-,-
서울특별시 강남구 역삼동,762-3,762,3,래미안그레이튼(진달래2차),84.87,201610,10,"110,000",11,2010,도곡로 306,, ,-,-
서울특별시 강남구 역삼동,762-3,762,3,래미안그레이튼(진달래2차),84.87,201610,11,"110,000",15,2010,도곡로 306,, ,-,-
서울특별시 강남구 역삼동,762-3,762,3,래미안그레이튼(진달래2차),84.87,201610,12,"115,000",18,2010,도곡로 306,, ,-,-
서울특별시 강남구 역삼동,762-3,762,3,래미안그레이튼(진달래2차),84.81,201610,17,"110,000",4,2010,도곡로43길 21,, ,-,-
서울특별시 강남구 역삼동,762-3,762,3,래미안그레이튼(진달래2차),105.89,201610,31,"131,500",20,2010,도곡로43길 21,, ,-,-
서울특별시 강남구 역삼동,762-3,762,3,래미안그레이튼(진달래2차),105.89,201611,12,"128,000",14,2010,도곡로43길 21,, ,-,-
서울특별시 강남구 역삼동,762-3,762,3,래미안그레이튼(진달래2차),84.87,201611,14,"110,500",11,2010,도곡로 306,, ,-,-
서울특별시 강남구 역삼동,762-3,762,3,래미안그레이튼(진달래2차),84.81,201612,8,"108,000",16,2010,도곡로43길 21,, ,-,-
서울특별시 강남구 역삼동,762-3,762,3,래미안그레이튼(진달래2차),84.87,201612,23,"110,000",20,2010,도곡로 306,, ,-,-
서울특별시 강남구 역삼동,713-7,713,7,래미안펜타빌,158.58,201604,1,"145,000",11,2007,역삼로 309,, ,-,-
서울특별시 강남구 역삼동,713-7,713,7,래미안펜타빌,157.37,201604,8,"160,000",16,2007,역삼로 309,, ,-,-
서울특별시 강남구 역삼동,713-7,713,7,래미안펜타빌,136.28,201604,9,"148,000",16,2007,역삼로 309,, ,-,-
서울특별시 강남구 역삼동,713-7,713,7,래미안펜타빌,138.54,201604,21,"140,000",24,2007,역삼로 309,, ,-,-
서울특별시 강남구 역삼동,713-7,713,7,래미안펜타빌,136.28,201605,25,"150,000",10,2007,역삼로 309,, ,-,-
서울특별시 강남구 역삼동,713-7,713,7,래미안펜타빌,138.16,201606,6,"136,000",22,2007,역삼로 309,, ,-,-
서울특별시 강남구 역삼동,713-7,713,7,래미안펜타빌,138.54,201606,9,"135,000",21,2007,역삼로 309,, ,-,-
서울특별시 강남구 역삼동,713-7,713,7,래미안펜타빌,138.54,201606,14,"144,000",13,2007,역삼로 309,, ,-,-
서울특별시 강남구 역삼동,713-7,713,7,래미안펜타빌,157.41,201606,24,"168,700",5,2007,역삼로 309,, ,-,-
서울특별시 강남구 역삼동,713-7,713,7,래미안펜타빌,138.16,201606,24,"133,000",4,2007,역삼로 309,, ,-,-
서울특별시 강남구 역삼동,713-7,713,7,래미안펜타빌,136.28,201606,25,"152,500",8,2007,역삼로 309,, ,-,-
서울특별시 강남구 역삼동,713-7,713,7,래미안펜타빌,138.54,201607,10,"144,500",17,2007,역삼로 309,, ,-,-
서울특별시 강남구 역삼동,713-7,713,7,래미안펜타빌,157.41,201607,15,"160,000",7,2007,역삼로 309,, ,-,-
서울특별시 강남구 역삼동,713-7,713,7,래미안펜타빌,157.37,201607,20,"160,500",9,2007,역삼로 309,, ,-,-
서울특별시 강남구 역삼동,713-7,713,7,래미안펜타빌,136.28,201607,22,"142,500",2,2007,역삼로 309,, ,-,-
서울특별시 강남구 역삼동,713-7,713,7,래미안펜타빌,157.41,201608,8,"164,000",8,2007,역삼로 309,, ,-,-
서울특별시 강남구 역삼동,713-7,713,7,래미안펜타빌,138.16,201609,7,"145,000",21,2007,역삼로 309,, ,-,-
서울특별시 강남구 역삼동,713-7,713,7,래미안펜타빌,138.16,201609,7,"144,000",19,2007,역삼로 309,, ,-,-
서울특별시 강남구 역삼동,713-7,713,7,래미안펜타빌,138.54,201610,29,"142,000",13,2007,역삼로 309,, ,-,-
서울특별시 강남구 역삼동,644-6,644,6,로얄빌리지,103.49,201606,1,"51,000",5,2002,테헤란로21길 18,, ,-,-
서울특별시 강남구 역삼동,644-6,644,6,로얄빌리지,79.62,201607,5,"40,000",5,2002,테헤란로21길 18,, ,-,-
서울특별시 강남구 역삼동,633-22,633,22,로얄팰리스,150.87,201609,23,"97,000",5,2003,테헤란로13길 45,, ,-,-
서울특별시 강남구 역삼동,633-22,633,22,로얄팰리스,173.15,201610,26,"95,000",1,2003,테헤란로13길 45,, ,-,-
서울특별시 강남구 역삼동,835-68,835,68,롯데캐슬노블,176.03,201606,3,"129,000",7,2007,도곡로13길 19,, ,-,-
서울특별시 강남구 역삼동,835-68,835,68,롯데캐슬노블,176.03,201609,1,"126,500",8,2007,도곡로13길 19,, ,-,-
서울특별시 강남구 역삼동,835-68,835,68,롯데캐슬노블,176.03,201609,23,"130,000",11,2007,도곡로13길 19,, ,-,-
서울특별시 강남구 역삼동,835-68,835,68,롯데캐슬노블,176.03,201610,13,"130,000",8,2007,도곡로13길 19,, ,-,-
서울특별시 강남구 역삼동,835-68,835,68,롯데캐슬노블,154.26,201610,22,"129,000",7,2007,도곡로13길 19,, ,-,-
서울특별시 강남구 역삼동,835-68,835,68,롯데캐슬노블,176.03,201611,10,"120,000",2,2007,도곡로13길 19,, ,-,-
서울특별시 강남구 역삼동,835-68,835,68,롯데캐슬노블,176.03,201612,8,"130,000",9,2007,도곡로13길 19,, ,-,-
서울특별시 강남구 역삼동,787-4,787,4,리츠빌아파트,93.22,201602,19,"51,500",5,2003,논현로64길 28,, ,-,-
서울특별시 강남구 역삼동,604,604,0,리치타워,89.83,201606,17,"53,000",3,1996,논현로105길 52,, ,-,-
서울특별시 강남구 역삼동,729-37,729,37,명인갤러리,84.78,201606,30,"57,500",1,2002,언주로75길 22,, ,-,-
서울특별시 강남구 역삼동,732-25,732,25,명인갤러리2차,122.46,201608,18,"84,500",10,2004,역삼로 237,, ,-,-
서울특별시 강남구 역삼동,747-5,747,5,브라운스톤역삼,59.96,201603,19,"50,300",7,2004,역삼로 171,, ,-,-
서울특별시 강남구 역삼동,747-5,747,5,브라운스톤역삼,59.96,201603,19,"46,300",10,2004,역삼로 171,, ,-,-
서울특별시 강남구 역삼동,747-5,747,5,브라운스톤역삼,59.96,201604,28,"50,000",3,2004,역삼로 171,, ,-,-
서울특별시 강남구 역삼동,747-5,747,5,브라운스톤역삼,59.96,201609,3,"52,000",5,2004,역삼로 171,, ,-,-
서울특별시 강남구 역삼동,747-5,747,5,브라운스톤역삼,59.96,201609,28,"53,250",7,2004,역삼로 171,, ,-,-
서울특별시 강남구 역삼동,747-5,747,5,브라운스톤역삼,59.96,201611,6,"53,250",3,2004,역삼로 171,, ,-,-
서울특별시 강남구 역삼동,761-3,761,3,상지리츠빌역삼2차,141.53,201604,5,"100,000",3,2006,도곡로43길 37,, ,-,-
서울특별시 강남구 역삼동,761-3,761,3,상지리츠빌역삼2차,165.06,201605,31,"110,000",3,2006,도곡로43길 37,, ,-,-
서울특별시 강남구 역삼동,761-3,761,3,상지리츠빌역삼2차,141.53,201609,23,"105,500",4,2006,도곡로43길 37,, ,-,-
서울특별시 강남구 역삼동,771-4,771,4,세방하이빌1,59.77,201609,20,"60,000",6,2003,역삼로 240,, ,-,-
서울특별시 강남구 역삼동,771-4,771,4,세방하이빌1,59.77,201611,30,"62,000",5,2003,역삼로 240,, ,-,-
서울특별시 강남구 역삼동,771-14,771,14,세방하이빌2,84.84,201601,11,"65,000",6,2002,역삼로 240-1,, ,-,-
서울특별시 강남구 역삼동,771-14,771,14,세방하이빌2,84.84,201611,15,"60,000",1,2002,역삼로 240-1,, ,-,-
서울특별시 강남구 역삼동,826-37,826,37,쌍용플레티넘밸류,110.57,201601,16,"82,200",6,2007,테헤란로4길 46,, ,-,-
서울특별시 강남구 역삼동,826-37,826,37,쌍용플레티넘밸류,84.96,201601,16,"72,500",6,2007,테헤란로4길 46,, ,-,-
서울특별시 강남구 역삼동,826-37,826,37,쌍용플레티넘밸류,116.67,201602,23,"78,500",3,2007,테헤란로4길 46,, ,-,-
서울특별시 강남구 역삼동,826-37,826,37,쌍용플레티넘밸류,84.96,201603,23,"71,800",5,2007,테헤란로4길 46,, ,-,-
서울특별시 강남구 역삼동,826-37,826,37,쌍용플레티넘밸류,84.9,201603,28,"73,500",9,2007,테헤란로4길 46,, ,-,-
서울특별시 강남구 역삼동,826-37,826,37,쌍용플레티넘밸류,110.57,201605,9,"86,700",11,2007,테헤란로4길 46,, ,-,-
서울특별시 강남구 역삼동,826-37,826,37,쌍용플레티넘밸류,84.96,201605,11,"73,700",12,2007,테헤란로4길 46,, ,-,-
서울특별시 강남구 역삼동,826-37,826,37,쌍용플레티넘밸류,84.9,201606,15,"76,000",15,2007,테헤란로4길 46,, ,-,-
서울특별시 강남구 역삼동,826-37,826,37,쌍용플레티넘밸류,116.67,201606,22,"75,000",4,2007,테헤란로4길 46,, ,-,-
서울특별시 강남구 역삼동,826-37,826,37,쌍용플레티넘밸류,116.67,201607,7,"84,000",2,2007,테헤란로4길 46,, ,-,-
서울특별시 강남구 역삼동,826-37,826,37,쌍용플레티넘밸류,110.57,201610,10,"84,700",5,2007,테헤란로4길 46,, ,-,-
서울특별시 강남구 역삼동,826-37,826,37,쌍용플레티넘밸류,110.57,201610,26,"82,500",3,2007,테헤란로4길 46,, ,-,-
서울특별시 강남구 역삼동,826-37,826,37,쌍용플레티넘밸류,84.9,201612,14,"77,500",7,2007,테헤란로4길 46,, ,-,-
서울특별시 강남구 역삼동,778,778,0,쎄비앙101동,116.82,201606,16,"61,000",5,2007,언주로69길 31,, ,-,-
서울특별시 강남구 역삼동,778-5,778,5,쎄비앙102동,99.24,201603,22,"56,000",4,2007,역삼로34길 25,, ,-,-
서울특별시 강남구 역삼동,778-5,778,5,쎄비앙102동,114.48,201605,20,"60,000",5,2007,역삼로34길 25,, ,-,-
서울특별시 강남구 역삼동,778-5,778,5,쎄비앙102동,144.48,201610,20,"74,500",5,2007,역삼로34길 25,, ,-,-
서울특별시 강남구 역삼동,831-29,831,29,에레프,14.31,201610,27,"17,505",6,2013,역삼로3길 17-4,, ,-,-
서울특별시 강남구 역삼동,831-29,831,29,에레프,14.31,201610,27,"17,505",6,2013,역삼로3길 17-4,, ,-,-
서울특별시 강남구 역삼동,831-29,831,29,에레프,14.31,201610,27,"17,505",6,2013,역삼로3길 17-4,, ,-,-
서울특별시 강남구 역삼동,831-29,831,29,에레프,14.31,201610,27,"17,505",6,2013,역삼로3길 17-4,, ,-,-
서울특별시 강남구 역삼동,831-29,831,29,에레프,16.42,201610,27,"20,227",6,2013,역삼로3길 17-4,, ,-,-
서울특별시 강남구 역삼동,831-29,831,29,에레프,15.91,201610,27,"19,450",7,2013,역삼로3길 17-4,, ,-,-
서울특별시 강남구 역삼동,831-29,831,29,에레프,14.31,201610,27,"17,505",7,2013,역삼로3길 17-4,, ,-,-
서울특별시 강남구 역삼동,831-29,831,29,에레프,14.31,201610,27,"17,505",7,2013,역삼로3길 17-4,, ,-,-
서울특별시 강남구 역삼동,831-29,831,29,에레프,14.31,201610,27,"17,505",8,2013,역삼로3길 17-4,, ,-,-
서울특별시 강남구 역삼동,831-29,831,29,에레프,14.31,201610,27,"17,505",8,2013,역삼로3길 17-4,, ,-,-
서울특별시 강남구 역삼동,831-29,831,29,에레프,14.31,201610,27,"17,505",8,2013,역삼로3길 17-4,, ,-,-
서울특별시 강남구 역삼동,831-29,831,29,에레프,14.31,201610,27,"17,505",8,2013,역삼로3길 17-4,, ,-,-
서울특별시 강남구 역삼동,831-29,831,29,에레프,14.31,201610,27,"17,505",8,2013,역삼로3길 17-4,, ,-,-
서울특별시 강남구 역삼동,831-29,831,29,에레프,16.42,201610,27,"20,227",8,2013,역삼로3길 17-4,, ,-,-
서울특별시 강남구 역삼동,831-29,831,29,에레프,14.31,201610,27,"17,505",7,2013,역삼로3길 17-4,, ,-,-
서울특별시 강남구 역삼동,831-29,831,29,에레프,14.31,201610,27,"17,505",7,2013,역삼로3길 17-4,, ,-,-
서울특별시 강남구 역삼동,831-29,831,29,에레프,14.31,201610,27,"17,505",7,2013,역삼로3길 17-4,, ,-,-
서울특별시 강남구 역삼동,831-29,831,29,에레프,14.31,201610,27,"17,505",7,2013,역삼로3길 17-4,, ,-,-
서울특별시 강남구 역삼동,831-29,831,29,에레프,16.42,201610,27,"20,227",7,2013,역삼로3길 17-4,, ,-,-
서울특별시 강남구 역삼동,831-29,831,29,에레프,15.91,201610,27,"19,450",8,2013,역삼로3길 17-4,, ,-,-
서울특별시 강남구 역삼동,831-29,831,29,에레프,14.31,201610,27,"17,505",8,2013,역삼로3길 17-4,, ,-,-
서울특별시 강남구 역삼동,831-29,831,29,에레프,14.31,201610,27,"17,505",9,2013,역삼로3길 17-4,, ,-,-
서울특별시 강남구 역삼동,831-29,831,29,에레프,14.31,201610,27,"17,505",9,2013,역삼로3길 17-4,, ,-,-
서울특별시 강남구 역삼동,831-29,831,29,에레프,14.31,201610,27,"17,505",9,2013,역삼로3길 17-4,, ,-,-
서울특별시 강남구 역삼동,831-29,831,29,에레프,14.31,201610,27,"17,505",9,2013,역삼로3길 17-4,, ,-,-
서울특별시 강남구 역삼동,831-29,831,29,에레프,14.31,201610,27,"17,505",9,2013,역삼로3길 17-4,, ,-,-
서울특별시 강남구 역삼동,831-29,831,29,에레프,16.42,201610,27,"20,227",9,2013,역삼로3길 17-4,, ,-,-
서울특별시 강남구 역삼동,831-29,831,29,에레프,15.91,201610,27,"19,450",10,2013,역삼로3길 17-4,, ,-,-
서울특별시 강남구 역삼동,831-29,831,29,에레프,14.31,201610,27,"17,505",10,2013,역삼로3길 17-4,, ,-,-
서울특별시 강남구 역삼동,831-29,831,29,에레프,14.31,201610,27,"17,505",10,2013,역삼로3길 17-4,, ,-,-
서울특별시 강남구 역삼동,831-29,831,29,에레프,14.31,201610,27,"17,505",10,2013,역삼로3길 17-4,, ,-,-
서울특별시 강남구 역삼동,831-29,831,29,에레프,14.31,201610,27,"17,505",10,2013,역삼로3길 17-4,, ,-,-
서울특별시 강남구 역삼동,831-29,831,29,에레프,14.31,201610,27,"17,505",10,2013,역삼로3길 17-4,, ,-,-
서울특별시 강남구 역삼동,831-29,831,29,에레프,14.31,201610,27,"17,505",10,2013,역삼로3길 17-4,, ,-,-
서울특별시 강남구 역삼동,831-29,831,29,에레프,16.42,201610,27,"20,227",10,2013,역삼로3길 17-4,, ,-,-
서울특별시 강남구 역삼동,831-29,831,29,에레프,15.91,201610,27,"19,062",11,2013,역삼로3길 17-4,, ,-,-
서울특별시 강남구 역삼동,831-29,831,29,에레프,14.31,201610,27,"17,117",11,2013,역삼로3길 17-4,, ,-,-
서울특별시 강남구 역삼동,831-29,831,29,에레프,14.31,201610,27,"17,117",11,2013,역삼로3길 17-4,, ,-,-
서울특별시 강남구 역삼동,831-29,831,29,에레프,14.31,201610,27,"17,117",11,2013,역삼로3길 17-4,, ,-,-
서울특별시 강남구 역삼동,831-29,831,29,에레프,14.31,201610,27,"17,505",9,2013,역삼로3길 17-4,, ,-,-
서울특별시 강남구 역삼동,831-29,831,29,에레프,15.91,201610,27,"19,450",9,2013,역삼로3길 17-4,, ,-,-
서울특별시 강남구 역삼동,831-29,831,29,에레프,14.31,201610,27,"17,117",11,2013,역삼로3길 17-4,, ,-,-
서울특별시 강남구 역삼동,831-29,831,29,에레프,14.31,201610,27,"17,117",11,2013,역삼로3길 17-4,, ,-,-
서울특별시 강남구 역삼동,831-29,831,29,에레프,14.31,201610,27,"17,117",11,2013,역삼로3길 17-4,, ,-,-
서울특별시 강남구 역삼동,831-29,831,29,에레프,16.42,201610,27,"19,840",11,2013,역삼로3길 17-4,, ,-,-
서울특별시 강남구 역삼동,831-29,831,29,에레프,15.91,201610,27,"19,450",4,2013,역삼로3길 17-4,, ,-,-
서울특별시 강남구 역삼동,831-29,831,29,에레프,14.31,201610,27,"17,505",4,2013,역삼로3길 17-4,, ,-,-
서울특별시 강남구 역삼동,831-29,831,29,에레프,14.31,201610,27,"17,505",4,2013,역삼로3길 17-4,, ,-,-
서울특별시 강남구 역삼동,831-29,831,29,에레프,14.31,201610,27,"17,505",4,2013,역삼로3길 17-4,, ,-,-
서울특별시 강남구 역삼동,831-29,831,29,에레프,14.31,201610,27,"17,505",4,2013,역삼로3길 17-4,, ,-,-
서울특별시 강남구 역삼동,831-29,831,29,에레프,14.31,201610,27,"17,505",4,2013,역삼로3길 17-4,, ,-,-
서울특별시 강남구 역삼동,831-29,831,29,에레프,14.31,201610,27,"17,505",4,2013,역삼로3길 17-4,, ,-,-
서울특별시 강남구 역삼동,831-29,831,29,에레프,15.91,201610,27,"19,450",5,2013,역삼로3길 17-4,, ,-,-
서울특별시 강남구 역삼동,831-29,831,29,에레프,14.31,201610,27,"17,505",5,2013,역삼로3길 17-4,, ,-,-
서울특별시 강남구 역삼동,831-29,831,29,에레프,14.31,201610,27,"17,505",5,2013,역삼로3길 17-4,, ,-,-
서울특별시 강남구 역삼동,831-29,831,29,에레프,14.31,201610,27,"17,505",5,2013,역삼로3길 17-4,, ,-,-
서울특별시 강남구 역삼동,831-29,831,29,에레프,14.31,201610,27,"17,505",5,2013,역삼로3길 17-4,, ,-,-
서울특별시 강남구 역삼동,831-29,831,29,에레프,14.31,201610,27,"17,505",5,2013,역삼로3길 17-4,, ,-,-
서울특별시 강남구 역삼동,831-29,831,29,에레프,15.91,201610,27,"19,450",6,2013,역삼로3길 17-4,, ,-,-
서울특별시 강남구 역삼동,831-29,831,29,에레프,14.31,201610,27,"17,505",6,2013,역삼로3길 17-4,, ,-,-
서울특별시 강남구 역삼동,831-29,831,29,에레프,14.31,201610,27,"17,505",5,2013,역삼로3길 17-4,, ,-,-
서울특별시 강남구 역삼동,831-29,831,29,에레프,16.42,201610,27,"20,227",5,2013,역삼로3길 17-4,, ,-,-
서울특별시 강남구 역삼동,831-29,831,29,에레프,14.31,201610,27,"17,505",6,2013,역삼로3길 17-4,, ,-,-
서울특별시 강남구 역삼동,831-45,831,45,에스케이허브젠,71.91,201604,23,"54,000",9,2005,역삼로 109,, ,-,-
서울특별시 강남구 역삼동,765-32,765,32,역삼2차아이파크,84.587,201605,19,"95,000",7,2008,도곡로57길 12,, ,-,-
서울특별시 강남구 역삼동,765-32,765,32,역삼2차아이파크,84.891,201605,24,"96,000",16,2008,도곡로57길 12,, ,-,-
서울특별시 강남구 역삼동,765-32,765,32,역삼2차아이파크,84.587,201606,20,"95,500",5,2008,도곡로57길 12,, ,-,-
서울특별시 강남구 역삼동,765-32,765,32,역삼2차아이파크,59.368,201607,19,"79,000",6,2008,도곡로57길 12,, ,-,-
서울특별시 강남구 역삼동,765-32,765,32,역삼2차아이파크,84.587,201608,13,"93,500",2,2008,도곡로57길 12,, ,-,-
서울특별시 강남구 역삼동,765-32,765,32,역삼2차아이파크,59.368,201609,12,"73,000",5,2008,도곡로57길 12,, ,-,-
서울특별시 강남구 역삼동,765-32,765,32,역삼2차아이파크,84.891,201609,22,"99,700",12,2008,도곡로57길 12,, ,-,-
서울특별시 강남구 역삼동,765-32,765,32,역삼2차아이파크,119.095,201609,24,"128,500",13,2008,도곡로57길 12,, ,-,-
서울특별시 강남구 역삼동,765-32,765,32,역삼2차아이파크,119.095,201610,15,"118,000",9,2008,도곡로57길 12,, ,-,-
서울특별시 강남구 역삼동,765-32,765,32,역삼2차아이파크,84.587,201610,19,"100,000",6,2008,도곡로57길 12,, ,-,-
서울특별시 강남구 역삼동,765-32,765,32,역삼2차아이파크,84.587,201610,24,"103,000",7,2008,도곡로57길 12,, ,-,-
서울특별시 강남구 역삼동,765-32,765,32,역삼2차아이파크,59.368,201611,10,"86,000",10,2008,도곡로57길 12,, ,-,-
서울특별시 강남구 역삼동,713-11,713,11,역삼I'PARK,28.246,201601,8,"42,000",7,2006,역삼로 307,, ,-,-
서울특별시 강남구 역삼동,713-11,713,11,역삼I'PARK,28.246,201601,16,"43,000",18,2006,역삼로 307,, ,-,-
서울특별시 강남구 역삼동,713-11,713,11,역삼I'PARK,116.285,201602,17,"131,000",13,2006,역삼로 307,, ,-,-
서울특별시 강남구 역삼동,713-11,713,11,역삼I'PARK,131.38,201603,17,"125,000",7,2006,역삼로 307,, ,-,-
서울특별시 강남구 역삼동,713-11,713,11,역삼I'PARK,144.431,201603,24,"146,000",11,2006,역삼로 307,, ,-,-
서울특별시 강남구 역삼동,713-11,713,11,역삼I'PARK,116.285,201604,2,"138,500",10,2006,역삼로 307,, ,-,-
서울특별시 강남구 역삼동,713-11,713,11,역삼I'PARK,28.246,201604,8,"43,900",12,2006,역삼로 307,, ,-,-
서울특별시 강남구 역삼동,713-11,713,11,역삼I'PARK,144.431,201604,28,"141,500",3,2006,역삼로 307,, ,-,-
서울특별시 강남구 역삼동,713-11,713,11,역삼I'PARK,144.431,201606,27,"144,000",21,2006,역삼로 307,, ,-,-
서울특별시 강남구 역삼동,713-11,713,11,역삼I'PARK,144.431,201606,27,"155,000",18,2006,역삼로 307,, ,-,-
서울특별시 강남구 역삼동,713-11,713,11,역삼I'PARK,116.285,201607,9,"136,800",19,2006,역삼로 307,, ,-,-
서울특별시 강남구 역삼동,713-11,713,11,역삼I'PARK,116.285,201607,14,"140,000",13,2006,역삼로 307,, ,-,-
서울특별시 강남구 역삼동,713-11,713,11,역삼I'PARK,28.246,201607,19,"40,000",1,2006,역삼로 307,, ,-,-
서울특별시 강남구 역삼동,713-11,713,11,역삼I'PARK,144.641,201607,19,"144,750",6,2006,역삼로 307,, ,-,-
서울특별시 강남구 역삼동,713-11,713,11,역삼I'PARK,116.285,201608,30,"137,000",4,2006,역삼로 307,, ,-,-
서울특별시 강남구 역삼동,713-11,713,11,역삼I'PARK,28.246,201609,5,"46,000",11,2006,역삼로 307,, ,-,-
서울특별시 강남구 역삼동,713-11,713,11,역삼I'PARK,116.285,201609,29,"142,500",5,2006,역삼로 307,, ,-,-
서울특별시 강남구 역삼동,713-11,713,11,역삼I'PARK,116.285,201610,1,"144,800",10,2006,역삼로 307,, ,-,-
서울특별시 강남구 역삼동,713-11,713,11,역삼I'PARK,28.246,201610,10,"52,000",6,2006,역삼로 307,, ,-,-
서울특별시 강남구 역삼동,713-11,713,11,역삼I'PARK,28.246,201610,12,"47,500",2,2006,역삼로 307,, ,-,-
서울특별시 강남구 역삼동,713-11,713,11,역삼I'PARK,116.285,201610,21,"145,000",14,2006,역삼로 307,, ,-,-
서울특별시 강남구 역삼동,713-11,713,11,역삼I'PARK,28.246,201610,28,"51,000",13,2006,역삼로 307,, ,-,-
서울특별시 강남구 역삼동,713-11,713,11,역삼I'PARK,130.156,201611,4,"149,500",16,2006,역삼로 307,, ,-,-
서울특별시 강남구 역삼동,713-11,713,11,역삼I'PARK,144.011,201611,16,"147,000",5,2006,역삼로 307,, ,-,-
서울특별시 강남구 역삼동,713-11,713,11,역삼I'PARK,144.641,201612,19,"149,500",19,2006,역삼로 307,, ,-,-
서울특별시 강남구 역삼동,713-11,713,11,역삼I'PARK,144.011,201612,26,"153,000",9,2006,역삼로 307,, ,-,-
서울특별시 강남구 역삼동,713-11,713,11,역삼I'PARK,28.246,201612,29,"45,000",7,2006,역삼로 307,, ,-,-
서울특별시 강남구 역삼동,826-29,826,29,역삼동우정에쉐르1,71.78,201606,4,"52,200",10,2004,테헤란로4길 32,, ,-,-
서울특별시 강남구 역삼동,826-29,826,29,역삼동우정에쉐르1,59.81,201611,19,"57,000",8,2004,테헤란로4길 32,, ,-,-
서울특별시 강남구 역삼동,795-41,795,41,역삼동월드메르디앙,103.07,201609,20,"87,200",6,2005,도곡로21길 15,, ,-,-
서울특별시 강남구 역삼동,795-41,795,41,역삼동월드메르디앙,84.53,201609,30,"74,000",4,2005,도곡로21길 15,, ,-,-
서울특별시 강남구 역삼동,795-41,795,41,역삼동월드메르디앙,83.27,201609,30,"68,000",4,2005,도곡로21길 15,, ,-,-
서울특별시 강남구 역삼동,795-41,795,41,역삼동월드메르디앙,83.27,201610,7,"75,000",7,2005,도곡로21길 15,, ,-,-
서울특별시 강남구 역삼동,795-41,795,41,역삼동월드메르디앙,81.76,201610,14,"76,000",5,2005,도곡로21길 15,, ,-,-
서울특별시 강남구 역삼동,664-21,664,21,역삼동프라임,125.11,201609,21,"63,500",1,2005,언주로97길 22,, ,-,-
서울특별시 강남구 역삼동,664-21,664,21,역삼동프라임,190.93,201610,25,"89,000",5,2005,언주로97길 22,, ,-,-
서울특별시 강남구 역삼동,681-26,681,26,역삼동하나빌,50.47,201603,16,"37,000",11,2002,봉은사로 312,, ,-,-
서울특별시 강남구 역삼동,681-26,681,26,역삼동하나빌,33.37,201606,22,"24,500",4,2002,봉은사로 312,, ,-,-
서울특별시 강남구 역삼동,681-26,681,26,역삼동하나빌,84.77,201607,13,"59,990",12,2002,봉은사로 312,, ,-,-
서울특별시 강남구 역삼동,681-26,681,26,역삼동하나빌,28.44,201607,15,"20,000",15,2002,봉은사로 312,, ,-,-
서울특별시 강남구 역삼동,681-26,681,26,역삼동하나빌,50.89,201607,18,"38,500",5,2002,봉은사로 312,, ,-,-
서울특별시 강남구 역삼동,681-26,681,26,역삼동하나빌,50.47,201607,23,"41,800",15,2002,봉은사로 312,, ,-,-
서울특별시 강남구 역삼동,681-26,681,26,역삼동하나빌,52.31,201607,28,"40,000",15,2002,봉은사로 312,, ,-,-
서울특별시 강남구 역삼동,681-26,681,26,역삼동하나빌,52.31,201608,23,"42,000",7,2002,봉은사로 312,, ,-,-
서울특별시 강남구 역삼동,681-26,681,26,역삼동하나빌,52.31,201609,28,"40,000",5,2002,봉은사로 312,, ,-,-
서울특별시 강남구 역삼동,681-26,681,26,역삼동하나빌,50.89,201610,12,"40,000",6,2002,봉은사로 312,, ,-,-
서울특별시 강남구 역삼동,681-26,681,26,역삼동하나빌,84.77,201610,17,"63,000",13,2002,봉은사로 312,, ,-,-
서울특별시 강남구 역삼동,832-5,832,5,역삼디오슈페리움,84.92,201603,21,"63,500",15,2006,강남대로 324,, ,-,-
서울특별시 강남구 역삼동,832-5,832,5,역삼디오슈페리움,84.92,201606,2,"64,000",21,2006,강남대로 324,, ,-,-
서울특별시 강남구 역삼동,832-5,832,5,역삼디오슈페리움,84.34,201608,3,"63,500",17,2006,강남대로 324,, ,-,-
서울특별시 강남구 역삼동,832-5,832,5,역삼디오슈페리움,46.9,201609,22,"44,500",16,2006,강남대로 324,, ,-,-
서울특별시 강남구 역삼동,757,757,0,역삼래미안,59.4,201601,7,"79,000",8,2005,선릉로69길 19,, ,-,-
서울특별시 강남구 역삼동,757,757,0,역삼래미안,59.4,201601,15,"78,000",12,2005,선릉로69길 19,, ,-,-
서울특별시 강남구 역삼동,757,757,0,역삼래미안,59.53,201601,25,"80,000",14,2005,선릉로69길 19,, ,-,-
서울특별시 강남구 역삼동,757,757,0,역삼래미안,80.87,201602,1,"92,700",1,2005,선릉로69길 19,, ,-,-
서울특별시 강남구 역삼동,757,757,0,역삼래미안,59.65,201603,7,"76,400",5,2005,선릉로69길 19,, ,-,-
서울특별시 강남구 역삼동,757,757,0,역삼래미안,59.73,201603,8,"78,600",2,2005,선릉로69길 19,, ,-,-
서울특별시 강남구 역삼동,757,757,0,역삼래미안,59.53,201603,13,"77,400",2,2005,선릉로69길 19,, ,-,-
서울특별시 강남구 역삼동,757,757,0,역삼래미안,59.4,201603,20,"80,000",14,2005,선릉로69길 19,, ,-,-
서울특별시 강남구 역삼동,757,757,0,역삼래미안,80.87,201603,23,"103,800",15,2005,선릉로69길 19,, ,-,-
서울특별시 강남구 역삼동,757,757,0,역삼래미안,59.4,201604,6,"78,000",19,2005,선릉로69길 19,, ,-,-
서울특별시 강남구 역삼동,757,757,0,역삼래미안,59.4,201604,11,"79,400",18,2005,선릉로69길 19,, ,-,-
서울특별시 강남구 역삼동,757,757,0,역삼래미안,59.4,201604,12,"82,900",15,2005,선릉로69길 19,, ,-,-
서울특별시 강남구 역삼동,757,757,0,역삼래미안,59.4,201604,19,"80,800",9,2005,선릉로69길 19,, ,-,-
서울특별시 강남구 역삼동,757,757,0,역삼래미안,80.87,201604,20,"104,000",6,2005,선릉로69길 19,, ,-,-
서울특별시 강남구 역삼동,757,757,0,역삼래미안,59.4,201605,1,"81,800",6,2005,선릉로69길 19,, ,-,-
서울특별시 강남구 역삼동,757,757,0,역삼래미안,59.4,201605,2,"79,000",19,2005,선릉로69길 19,, ,-,-
서울특별시 강남구 역삼동,757,757,0,역삼래미안,59.4,201605,2,"81,000",3,2005,선릉로69길 19,, ,-,-
서울특별시 강남구 역삼동,757,757,0,역삼래미안,80.87,201605,9,"103,300",7,2005,선릉로69길 19,, ,-,-
서울특별시 강남구 역삼동,757,757,0,역삼래미안,80.87,201605,16,"107,000",18,2005,선릉로69길 19,, ,-,-
서울특별시 강남구 역삼동,757,757,0,역삼래미안,59.4,201605,20,"80,500",12,2005,선릉로69길 19,, ,-,-
서울특별시 강남구 역삼동,757,757,0,역삼래미안,59.4,201605,20,"81,000",22,2005,선릉로69길 19,, ,-,-
서울특별시 강남구 역삼동,757,757,0,역삼래미안,59.53,201605,21,"82,000",8,2005,선릉로69길 19,, ,-,-
서울특별시 강남구 역삼동,757,757,0,역삼래미안,80.87,201605,21,"108,000",20,2005,선릉로69길 19,, ,-,-
서울특별시 강남구 역삼동,757,757,0,역삼래미안,80.87,201605,26,"107,000",8,2005,선릉로69길 19,, ,-,-
서울특별시 강남구 역삼동,757,757,0,역삼래미안,59.73,201606,1,"81,000",16,2005,선릉로69길 19,, ,-,-
서울특별시 강남구 역삼동,757,757,0,역삼래미안,59.53,201606,4,"84,000",12,2005,선릉로69길 19,, ,-,-
서울특별시 강남구 역삼동,757,757,0,역삼래미안,59.73,201606,6,"82,000",6,2005,선릉로69길 19,, ,-,-
서울특별시 강남구 역삼동,757,757,0,역삼래미안,59.53,201606,8,"82,000",17,2005,선릉로69길 19,, ,-,-
서울특별시 강남구 역삼동,757,757,0,역삼래미안,80.87,201606,8,"91,000",1,2005,선릉로69길 19,, ,-,-
서울특별시 강남구 역삼동,757,757,0,역삼래미안,80.87,201606,10,"109,800",15,2005,선릉로69길 19,, ,-,-
서울특별시 강남구 역삼동,757,757,0,역삼래미안,59.65,201606,11,"84,500",13,2005,선릉로69길 19,, ,-,-
서울특별시 강남구 역삼동,757,757,0,역삼래미안,59.4,201606,11,"83,500",15,2005,선릉로69길 19,, ,-,-
서울특별시 강남구 역삼동,757,757,0,역삼래미안,59.53,201606,13,"83,600",15,2005,선릉로69길 19,, ,-,-
서울특별시 강남구 역삼동,757,757,0,역삼래미안,59.73,201606,15,"81,500",10,2005,선릉로69길 19,, ,-,-
서울특별시 강남구 역삼동,757,757,0,역삼래미안,80.87,201606,18,"107,000",18,2005,선릉로69길 19,, ,-,-
서울특별시 강남구 역삼동,757,757,0,역삼래미안,59.53,201606,20,"85,000",11,2005,선릉로69길 19,, ,-,-
서울특별시 강남구 역삼동,757,757,0,역삼래미안,59.73,201606,20,"82,500",18,2005,선릉로69길 19,, ,-,-
서울특별시 강남구 역삼동,757,757,0,역삼래미안,59.73,201606,24,"81,900",4,2005,선릉로69길 19,, ,-,-
서울특별시 강남구 역삼동,757,757,0,역삼래미안,59.4,201606,27,"83,300",8,2005,선릉로69길 19,, ,-,-
서울특별시 강남구 역삼동,757,757,0,역삼래미안,59.4,201606,27,"83,000",12,2005,선릉로69길 19,, ,-,-
서울특별시 강남구 역삼동,757,757,0,역삼래미안,59.53,201607,1,"81,800",6,2005,선릉로69길 19,, ,-,-
서울특별시 강남구 역삼동,757,757,0,역삼래미안,59.4,201607,2,"87,500",13,2005,선릉로69길 19,, ,-,-
서울특별시 강남구 역삼동,757,757,0,역삼래미안,59.4,201607,19,"89,000",8,2005,선릉로69길 19,, ,-,-
서울특별시 강남구 역삼동,757,757,0,역삼래미안,59.4,201607,26,"85,000",16,2005,선릉로69길 19,, ,-,-
서울특별시 강남구 역삼동,757,757,0,역삼래미안,59.4,201607,27,"85,000",21,2005,선릉로69길 19,, ,-,-
서울특별시 강남구 역삼동,757,757,0,역삼래미안,80.87,201607,29,"107,000",5,2005,선릉로69길 19,, ,-,-
서울특별시 강남구 역삼동,757,757,0,역삼래미안,80.87,201608,3,"107,500",16,2005,선릉로69길 19,, ,-,-
서울특별시 강남구 역삼동,757,757,0,역삼래미안,59.53,201608,6,"84,000",7,2005,선릉로69길 19,, ,-,-
서울특별시 강남구 역삼동,757,757,0,역삼래미안,59.53,201608,11,"86,200",6,2005,선릉로69길 19,, ,-,-
서울특별시 강남구 역삼동,757,757,0,역삼래미안,59.53,201608,11,"84,500",5,2005,선릉로69길 19,, ,-,-
서울특별시 강남구 역삼동,757,757,0,역삼래미안,80.87,201608,13,"103,500",4,2005,선릉로69길 19,, ,-,-
서울특별시 강남구 역삼동,757,757,0,역삼래미안,59.53,201608,21,"83,500",10,2005,선릉로69길 19,, ,-,-
서울특별시 강남구 역삼동,757,757,0,역삼래미안,80.87,201608,25,"105,000",4,2005,선릉로69길 19,, ,-,-
서울특별시 강남구 역삼동,757,757,0,역삼래미안,80.87,201608,28,"111,000",16,2005,선릉로69길 19,, ,-,-
서울특별시 강남구 역삼동,757,757,0,역삼래미안,59.4,201608,29,"80,500",5,2005,선릉로69길 19,, ,-,-
서울특별시 강남구 역삼동,757,757,0,역삼래미안,59.4,201608,29,"87,400",6,2005,선릉로69길 19,, ,-,-
서울특별시 강남구 역삼동,757,757,0,역삼래미안,59.4,201609,3,"84,000",20,2005,선릉로69길 19,, ,-,-
서울특별시 강남구 역삼동,757,757,0,역삼래미안,80.87,201609,4,"110,000",21,2005,선릉로69길 19,, ,-,-
서울특별시 강남구 역삼동,757,757,0,역삼래미안,59.4,201609,12,"89,000",17,2005,선릉로69길 19,, ,-,-
서울특별시 강남구 역삼동,757,757,0,역삼래미안,80.87,201609,21,"114,500",17,2005,선릉로69길 19,, ,-,-
서울특별시 강남구 역삼동,757,757,0,역삼래미안,59.4,201609,23,"89,500",6,2005,선릉로69길 19,, ,-,-
서울특별시 강남구 역삼동,757,757,0,역삼래미안,59.4,201609,24,"85,500",22,2005,선릉로69길 19,, ,-,-
서울특별시 강남구 역삼동,757,757,0,역삼래미안,80.87,201609,27,"108,000",5,2005,선릉로69길 19,, ,-,-
서울특별시 강남구 역삼동,757,757,0,역삼래미안,59.53,201610,5,"87,500",6,2005,선릉로69길 19,, ,-,-
서울특별시 강남구 역삼동,757,757,0,역삼래미안,59.73,201610,8,"90,000",11,2005,선릉로69길 19,, ,-,-
서울특별시 강남구 역삼동,757,757,0,역삼래미안,59.4,201610,11,"91,000",16,2005,선릉로69길 19,, ,-,-
서울특별시 강남구 역삼동,757,757,0,역삼래미안,59.53,201610,11,"90,000",11,2005,선릉로69길 19,, ,-,-
서울특별시 강남구 역삼동,757,757,0,역삼래미안,80.87,201610,13,"117,000",15,2005,선릉로69길 19,, ,-,-
서울특별시 강남구 역삼동,757,757,0,역삼래미안,80.87,201610,14,"109,000",10,2005,선릉로69길 19,, ,-,-
서울특별시 강남구 역삼동,757,757,0,역삼래미안,59.4,201610,17,"89,800",8,2005,선릉로69길 19,, ,-,-
서울특별시 강남구 역삼동,757,757,0,역삼래미안,80.87,201610,24,"114,500",11,2005,선릉로69길 19,, ,-,-
서울특별시 강남구 역삼동,757,757,0,역삼래미안,80.87,201611,7,"104,500",2,2005,선릉로69길 19,, ,-,-
서울특별시 강남구 역삼동,757,757,0,역삼래미안,80.87,201611,11,"112,000",18,2005,선릉로69길 19,, ,-,-
서울특별시 강남구 역삼동,757,757,0,역삼래미안,59.4,201611,19,"88,000",13,2005,선릉로69길 19,, ,-,-
서울특별시 강남구 역삼동,757,757,0,역삼래미안,80.87,201611,24,"111,500",9,2005,선릉로69길 19,, ,-,-
서울특별시 강남구 역삼동,757,757,0,역삼래미안,80.87,201612,11,"109,000",4,2005,선릉로69길 19,, ,-,-
서울특별시 강남구 역삼동,757,757,0,역삼래미안,59.4,201612,24,"88,000",20,2005,선릉로69길 19,, ,-,-
서울특별시 강남구 역삼동,835-12,835,12,역삼르비앙1,101.55,201606,2,"48,000",5,2003,도곡로11길 13,, ,-,-
서울특별시 강남구 역삼동,835-12,835,12,역삼르비앙1,127.52,201608,23,"74,500",5,2003,도곡로11길 13,, ,-,-
서울특별시 강남구 역삼동,656-30,656,30,역삼엔스위트1,90.15,201606,5,"55,500",7,2005,언주로103길 16,, ,-,-
서울특별시 강남구 역삼동,656-30,656,30,역삼엔스위트1,107.3,201608,1,"54,500",2,2005,언주로103길 16,, ,-,-
서울특별시 강남구 역삼동,656-31,656,31,역삼엔스위트102동,107.3,201603,4,"58,450",3,2005,언주로103길 14,, ,-,-
서울특별시 강남구 역삼동,656-31,656,31,역삼엔스위트102동,107.3,201603,18,"60,000",4,2005,언주로103길 14,, ,-,-
서울특별시 강남구 역삼동,656-31,656,31,역삼엔스위트102동,107.3,201606,3,"62,500",4,2005,언주로103길 14,, ,-,-
서울특별시 강남구 역삼동,656-31,656,31,역삼엔스위트102동,107.3,201608,6,"59,000",2,2005,언주로103길 14,, ,-,-
서울특별시 강남구 역삼동,656-31,656,31,역삼엔스위트102동,107.3,201609,12,"61,000",3,2005,언주로103길 14,, ,-,-
서울특별시 강남구 역삼동,656-31,656,31,역삼엔스위트102동,107.3,201612,16,"62,000",2,2005,언주로103길 14,, ,-,-
서울특별시 강남구 역삼동,664-5,664,5,역삼예명,66.34,201610,8,"42,000",1,2001,봉은사로34길 53,, ,-,-
서울특별시 강남구 역삼동,633-11,633,11,역삼우성,108.23,201604,16,"64,700",5,2005,테헤란로13길 35-6,, ,-,-
서울특별시 강남구 역삼동,707-18,707,18,역삼우정에쉐르2,49.38,201602,3,"41,500",7,2004,테헤란로48길 10,, ,-,-
서울특별시 강남구 역삼동,707-18,707,18,역삼우정에쉐르2,47.02,201606,17,"47,000",9,2004,테헤란로48길 10,, ,-,-
서울특별시 강남구 역삼동,707-18,707,18,역삼우정에쉐르2,49.38,201607,27,"44,000",9,2004,테헤란로48길 10,, ,-,-
서울특별시 강남구 역삼동,707-18,707,18,역삼우정에쉐르2,50.72,201609,17,"55,000",11,2004,테헤란로48길 10,, ,-,-
서울특별시 강남구 역삼동,707-18,707,18,역삼우정에쉐르2,42.41,201610,26,"39,000",9,2004,테헤란로48길 10,, ,-,-
서울특별시 강남구 역삼동,707-18,707,18,역삼우정에쉐르2,43.17,201611,4,"44,800",11,2004,테헤란로48길 10,, ,-,-
서울특별시 강남구 역삼동,777-49,777,49,역삼이안애비,108.3,201602,16,"59,900",3,2004,논현로70길 16,, ,-,-
서울특별시 강남구 역삼동,777-2,777,2,역삼이안애에이,84.28,201607,16,"51,500",1,2004,논현로70길 14,, ,-,-
서울특별시 강남구 역삼동,777-2,777,2,역삼이안애에이,84.28,201611,25,"52,300",1,2004,논현로70길 14,, ,-,-
서울특별시 강남구 역삼동,711-3,711,3,역삼자이,114.019,201612,2,"137,550",2,2016,언주로 420,, ,-,-
서울특별시 강남구 역삼동,836-35,836,35,역삼카이스아파트,100.8,201602,1,"56,000",4,2002,도곡로7길 23,, ,-,-
서울특별시 강남구 역삼동,836-35,836,35,역삼카이스아파트,100.8,201603,9,"65,000",3,2002,도곡로7길 23,, ,-,-
서울특별시 강남구 역삼동,836-35,836,35,역삼카이스아파트,100.8,201604,16,"64,700",3,2002,도곡로7길 23,, ,-,-
서울특별시 강남구 역삼동,754-1,754,1,역삼푸르지오,59.8848,201601,6,"80,500",6,2006,언주로 332,, ,-,-
서울특별시 강남구 역삼동,754-1,754,1,역삼푸르지오,59.8848,201601,9,"82,000",6,2006,언주로 332,, ,-,-
서울특별시 강남구 역삼동,754-1,754,1,역삼푸르지오,59.8848,201602,1,"81,300",20,2006,언주로 332,, ,-,-
서울특별시 강남구 역삼동,754-1,754,1,역삼푸르지오,84.9097,201602,5,"106,500",8,2006,언주로 332,, ,-,-
서울특별시 강남구 역삼동,754-1,754,1,역삼푸르지오,59.8848,201603,24,"76,600",6,2006,언주로 332,, ,-,-
서울특별시 강남구 역삼동,754-1,754,1,역삼푸르지오,59.8848,201603,31,"80,400",23,2006,언주로 332,, ,-,-
서울특별시 강남구 역삼동,754-1,754,1,역삼푸르지오,59.8848,201604,15,"80,000",10,2006,언주로 332,, ,-,-
서울특별시 강남구 역삼동,754-1,754,1,역삼푸르지오,59.8848,201604,25,"84,000",22,2006,언주로 332,, ,-,-
서울특별시 강남구 역삼동,754-1,754,1,역삼푸르지오,84.9097,201604,25,"105,000",7,2006,언주로 332,, ,-,-
서울특별시 강남구 역삼동,754-1,754,1,역삼푸르지오,59.8848,201604,26,"77,000",1,2006,언주로 332,, ,-,-
서울특별시 강남구 역삼동,754-1,754,1,역삼푸르지오,84.9097,201605,3,"105,300",11,2006,언주로 332,, ,-,-
서울특별시 강남구 역삼동,754-1,754,1,역삼푸르지오,59.8848,201605,14,"83,800",19,2006,언주로 332,, ,-,-
서울특별시 강남구 역삼동,754-1,754,1,역삼푸르지오,84.9097,201605,14,"106,000",11,2006,언주로 332,, ,-,-
서울특별시 강남구 역삼동,754-1,754,1,역삼푸르지오,84.9097,201605,21,"110,000",13,2006,언주로 332,, ,-,-
서울특별시 강남구 역삼동,754-1,754,1,역삼푸르지오,59.8848,201606,4,"83,000",3,2006,언주로 332,, ,-,-
서울특별시 강남구 역삼동,754-1,754,1,역삼푸르지오,59.8848,201606,6,"86,500",14,2006,언주로 332,, ,-,-
서울특별시 강남구 역삼동,754-1,754,1,역삼푸르지오,84.9097,201606,7,"101,500",15,2006,언주로 332,, ,-,-
서울특별시 강남구 역삼동,754-1,754,1,역삼푸르지오,59.8848,201606,8,"84,500",13,2006,언주로 332,, ,-,-
서울특별시 강남구 역삼동,754-1,754,1,역삼푸르지오,59.8848,201606,9,"74,500",12,2006,언주로 332,, ,-,-
서울특별시 강남구 역삼동,754-1,754,1,역삼푸르지오,59.8848,201606,23,"85,000",20,2006,언주로 332,, ,-,-
서울특별시 강남구 역삼동,754-1,754,1,역삼푸르지오,59.8848,201606,27,"84,000",4,2006,언주로 332,, ,-,-
서울특별시 강남구 역삼동,754-1,754,1,역삼푸르지오,84.9097,201606,30,"105,300",9,2006,언주로 332,, ,-,-
서울특별시 강남구 역삼동,754-1,754,1,역삼푸르지오,84.9097,201607,25,"103,300",2,2006,언주로 332,, ,-,-
서울특별시 강남구 역삼동,754-1,754,1,역삼푸르지오,84.9097,201607,29,"104,000",11,2006,언주로 332,, ,-,-
서울특별시 강남구 역삼동,754-1,754,1,역삼푸르지오,84.9097,201608,10,"105,800",14,2006,언주로 332,, ,-,-
서울특별시 강남구 역삼동,754-1,754,1,역삼푸르지오,59.8848,201608,13,"86,800",21,2006,언주로 332,, ,-,-
서울특별시 강남구 역삼동,754-1,754,1,역삼푸르지오,84.9097,201608,20,"109,000",13,2006,언주로 332,, ,-,-
서울특별시 강남구 역삼동,754-1,754,1,역삼푸르지오,59.8848,201608,27,"84,000",11,2006,언주로 332,, ,-,-
서울특별시 강남구 역삼동,754-1,754,1,역삼푸르지오,84.9097,201609,3,"105,000",15,2006,언주로 332,, ,-,-
서울특별시 강남구 역삼동,754-1,754,1,역삼푸르지오,59.8848,201609,5,"84,000",13,2006,언주로 332,, ,-,-
서울특별시 강남구 역삼동,754-1,754,1,역삼푸르지오,59.8848,201609,8,"86,700",9,2006,언주로 332,, ,-,-
서울특별시 강남구 역삼동,754-1,754,1,역삼푸르지오,84.9097,201609,12,"112,000",6,2006,언주로 332,, ,-,-
서울특별시 강남구 역삼동,754-1,754,1,역삼푸르지오,59.8848,201609,19,"87,400",17,2006,언주로 332,, ,-,-
서울특별시 강남구 역삼동,754-1,754,1,역삼푸르지오,59.8848,201609,19,"87,000",15,2006,언주로 332,, ,-,-
서울특별시 강남구 역삼동,754-1,754,1,역삼푸르지오,59.8848,201609,22,"87,000",17,2006,언주로 332,, ,-,-
서울특별시 강남구 역삼동,754-1,754,1,역삼푸르지오,59.8848,201609,26,"87,900",5,2006,언주로 332,, ,-,-
서울특별시 강남구 역삼동,754-1,754,1,역삼푸르지오,84.9097,201609,28,"113,500",8,2006,언주로 332,, ,-,-
서울특별시 강남구 역삼동,754-1,754,1,역삼푸르지오,84.9097,201610,1,"101,000",1,2006,언주로 332,, ,-,-
서울특별시 강남구 역삼동,754-1,754,1,역삼푸르지오,59.8848,201610,3,"88,000",18,2006,언주로 332,, ,-,-
서울특별시 강남구 역삼동,754-1,754,1,역삼푸르지오,84.9097,201610,7,"119,700",12,2006,언주로 332,, ,-,-
서울특별시 강남구 역삼동,754-1,754,1,역삼푸르지오,59.8848,201610,7,"88,000",14,2006,언주로 332,, ,-,-
서울특별시 강남구 역삼동,754-1,754,1,역삼푸르지오,84.9097,201610,13,"113,000",3,2006,언주로 332,, ,-,-
서울특별시 강남구 역삼동,754-1,754,1,역삼푸르지오,59.8848,201610,13,"87,500",21,2006,언주로 332,, ,-,-
서울특별시 강남구 역삼동,754-1,754,1,역삼푸르지오,84.9097,201610,15,"118,700",7,2006,언주로 332,, ,-,-
서울특별시 강남구 역삼동,754-1,754,1,역삼푸르지오,84.9097,201610,18,"104,000",1,2006,언주로 332,, ,-,-
서울특별시 강남구 역삼동,754-1,754,1,역삼푸르지오,59.8848,201610,21,"89,000",23,2006,언주로 332,, ,-,-
서울특별시 강남구 역삼동,754-1,754,1,역삼푸르지오,59.8848,201611,14,"88,000",23,2006,언주로 332,, ,-,-
서울특별시 강남구 역삼동,754-1,754,1,역삼푸르지오,59.8848,201611,23,"88,000",11,2006,언주로 332,, ,-,-
서울특별시 강남구 역삼동,728-52,728,52,예지향,84.6,201606,2,"55,000",1,2003,역삼로33길 13,, ,-,-
서울특별시 강남구 역삼동,728-52,728,52,예지향,84.93,201606,25,"57,800",4,2003,역삼로33길 13,, ,-,-
서울특별시 강남구 역삼동,728-52,728,52,예지향,84.93,201610,5,"60,000",4,2003,역삼로33길 13,, ,-,-
서울특별시 강남구 역삼동,727-9,727,9,요진와이시티미니,12.1,201601,22,"17,000",5,2012,역삼로25길 21,, ,-,-
서울특별시 강남구 역삼동,727-9,727,9,요진와이시티미니,12.1,201603,24,"20,000",8,2012,역삼로25길 21,, ,-,-
서울특별시 강남구 역삼동,727-9,727,9,요진와이시티미니,12.94,201606,10,"17,000",5,2012,역삼로25길 21,, ,-,-
서울특별시 강남구 역삼동,727-9,727,9,요진와이시티미니,15.9,201606,23,"21,000",7,2012,역삼로25길 21,, ,-,-
서울특별시 강남구 역삼동,727-9,727,9,요진와이시티미니,12.1,201609,1,"20,200",7,2012,역삼로25길 21,, ,-,-
서울특별시 강남구 역삼동,727-9,727,9,요진와이시티미니,12.94,201609,7,"21,500",5,2012,역삼로25길 21,, ,-,-
서울특별시 강남구 역삼동,727-9,727,9,요진와이시티미니,12.94,201609,7,"21,500",5,2012,역삼로25길 21,, ,-,-
서울특별시 강남구 역삼동,706-11,706,11,우림루미아트1,24,201601,12,"17,500",12,2003,언주로90길 6,, ,-,-
서울특별시 강남구 역삼동,706-11,706,11,우림루미아트1,24,201609,1,"19,000",9,2003,언주로90길 6,, ,-,-
서울특별시 강남구 역삼동,706-10,706,10,우림루미아트2,23.9,201603,16,"17,000",10,2003,언주로90길 4,, ,-,-
서울특별시 강남구 역삼동,706-10,706,10,우림루미아트2,23.66,201610,7,"15,000",9,2003,언주로90길 4,, ,-,-
서울특별시 강남구 역삼동,707-15,707,15,우정에쉐르3,39.97,201604,14,"39,800",11,2004,언주로86길 25,, ,-,-
서울특별시 강남구 역삼동,708-31,708,31,우정에쉐르멤버스,36.19,201605,26,"31,000",5,2004,선릉로87길 14,, ,-,-
서울특별시 강남구 역삼동,708-31,708,31,우정에쉐르멤버스,22.12,201606,1,"20,800",7,2004,선릉로87길 14,, ,-,-
서울특별시 강남구 역삼동,708-31,708,31,우정에쉐르멤버스,22.12,201606,8,"21,900",6,2004,선릉로87길 14,, ,-,-
서울특별시 강남구 역삼동,708-31,708,31,우정에쉐르멤버스,36.19,201608,18,"33,000",11,2004,선릉로87길 14,, ,-,-
서울특별시 강남구 역삼동,708-31,708,31,우정에쉐르멤버스,22.12,201610,4,"16,000",11,2004,선릉로87길 14,, ,-,-
서울특별시 강남구 역삼동,759-1,759,1,은하수,66.24,201604,13,"66,800",5,1992,언주로70길 24,, ,-,-
서울특별시 강남구 역삼동,828-46,828,46,정원,97.6,201607,1,"57,000",1,2004,테헤란로14길 42,, ,-,-
서울특별시 강남구 역삼동,828-46,828,46,정원,96.58,201610,8,"61,700",2,2004,테헤란로14길 42,, ,-,-
서울특별시 강남구 역삼동,747-1,747,1,조이너스,84.95,201602,17,"52,000",1,2006,역삼로19길 12,, ,-,-
서울특별시 강남구 역삼동,747-1,747,1,조이너스,84.28,201612,10,"66,700",4,2006,역삼로19길 12,, ,-,-
서울특별시 강남구 역삼동,747-1,747,1,조이너스,84.95,201612,31,"60,000",1,2006,역삼로19길 12,, ,-,-
서울특별시 강남구 역삼동,789-29,789,29,지석천평대,85.99,201607,5,"52,000",2,2003,논현로71길 48,, ,-,-
서울특별시 강남구 역삼동,706-24,706,24,진넥스빌2,23.85,201601,22,"18,400",6,2003,언주로86길 7,, ,-,-
서울특별시 강남구 역삼동,723-21,723,21,탑팰리스,84.97,201607,20,"52,750",3,2004,언주로81길 31,, ,-,-
서울특별시 강남구 역삼동,723-21,723,21,탑팰리스,84.97,201609,30,"48,500",4,2004,언주로81길 31,, ,-,-
서울특별시 강남구 역삼동,766-8,766,8,트레벨,33.48,201603,25,"36,000",4,2002,도곡로57길 9-7,, ,-,-
서울특별시 강남구 역삼동,766-8,766,8,트레벨,33.48,201607,9,"35,500",1,2002,도곡로57길 9-7,, ,-,-
서울특별시 강남구 역삼동,727-11,727,11,프리마빌,139.22,201603,28,"59,000",1,2003,역삼로25길 17,, ,-,-
서울특별시 강남구 역삼동,727-11,727,11,프리마빌,102.79,201604,27,"60,000",3,2003,역삼로25길 17,, ,-,-
서울특별시 강남구 역삼동,836,836,0,한스빌(836),39.89,201604,8,"26,500",3,1996,도곡로3길 26,, ,-,-
서울특별시 강남구 역삼동,836,836,0,한스빌(836),39.89,201605,30,"27,500",6,1996,도곡로3길 26,, ,-,-
서울특별시 강남구 역삼동,836,836,0,한스빌(836),39.89,201606,14,"27,300",4,1996,도곡로3길 26,, ,-,-
서울특별시 강남구 역삼동,836,836,0,한스빌(836),39.89,201608,29,"28,800",5,1996,도곡로3길 26,, ,-,-
서울특별시 강남구 역삼동,836,836,0,한스빌(836),39.89,201609,1,"27,500",5,1996,도곡로3길 26,, ,-,-
서울특별시 강남구 역삼동,836,836,0,한스빌(836),39.89,201611,1,"29,850",10,1996,도곡로3길 26,, ,-,-
서울특별시 강남구 역삼동,836,836,0,한스빌(836),39.89,201611,9,"30,000",6,1996,도곡로3길 26,, ,-,-
서울특별시 강남구 역삼동,836,836,0,한스빌(836),39.89,201612,3,"31,000",10,1996,도곡로3길 26,, ,-,-
서울특별시 강남구 역삼동,628-1,628,1,한양럭스,72.62,201610,25,"48,500",1,2003,테헤란로25길 58,, ,-,-
서울특별시 강남구 역삼동,706-20,706,20,한화진넥스빌,39.2,201602,17,"25,700",10,2001,언주로86길 11,, ,-,-
서울특별시 강남구 역삼동,706-20,706,20,한화진넥스빌,34.82,201603,9,"23,500",13,2001,언주로86길 11,, ,-,-
서울특별시 강남구 역삼동,706-20,706,20,한화진넥스빌,43.58,201604,21,"22,000",17,2001,언주로86길 11,, ,-,-
서울특별시 강남구 역삼동,706-20,706,20,한화진넥스빌,51.08,201604,30,"29,700",12,2001,언주로86길 11,, ,-,-
서울특별시 강남구 역삼동,706-20,706,20,한화진넥스빌,34.82,201605,13,"23,000",20,2001,언주로86길 11,, ,-,-
서울특별시 강남구 역삼동,706-20,706,20,한화진넥스빌,39.2,201606,23,"24,800",11,2001,언주로86길 11,, ,-,-
서울특별시 강남구 역삼동,706-20,706,20,한화진넥스빌,43.58,201608,2,"27,800",7,2001,언주로86길 11,, ,-,-
서울특별시 강남구 역삼동,706-20,706,20,한화진넥스빌,39.2,201608,10,"26,000",24,2001,언주로86길 11,, ,-,-
서울특별시 강남구 역삼동,706-20,706,20,한화진넥스빌,39.2,201609,22,"27,000",17,2001,언주로86길 11,, ,-,-
서울특별시 강남구 역삼동,706-20,706,20,한화진넥스빌,39.2,201610,12,"24,800",8,2001,언주로86길 11,, ,-,-
서울특별시 강남구 역삼동,706-20,706,20,한화진넥스빌,39.2,201610,24,"25,000",22,2001,언주로86길 11,, ,-,-
서울특별시 강남구 역삼동,706-20,706,20,한화진넥스빌,34.82,201612,5,"24,500",18,2001,언주로86길 11,, ,-,-
서울특별시 강남구 역삼동,706-20,706,20,한화진넥스빌,43.58,201612,23,"27,700",20,2001,언주로86길 11,, ,-,-
서울특별시 강남구 역삼동,710,710,0,현대까르띠에710,230.075,201606,29,"195,000",10,2001,언주로86길 12,, ,-,-
서울특별시 강남구 역삼동,710,710,0,현대까르띠에710,149.7,201607,29,"135,000",7,2001,언주로86길 12,, ,-,-
서울특별시 강남구 역삼동,710,710,0,현대까르띠에710,149.7,201609,12,"137,500",8,2001,언주로86길 12,, ,-,-
서울특별시 강남구 역삼동,710,710,0,현대까르띠에710,149.7,201610,20,"152,000",17,2001,언주로86길 12,, ,-,-
서울특별시 강남구 역삼동,728-45,728,45,현대이스트빌,244.14,201611,29,"116,500",3,1999,역삼로33길 19,, ,-,-
서울특별시 강남구 역삼동,775-15,775,15,현대하이츠,96.21,201611,28,"59,800",1,2004,역삼로34길 12,, ,-,-
서울특별시 강남구 역삼동,606-18,606,18,현대휴먼터치빌,25.92,201602,15,"16,000",6,1999,논현로 565,, ,-,-
서울특별시 강남구 역삼동,606-18,606,18,현대휴먼터치빌,25.92,201602,15,"16,000",7,1999,논현로 565,, ,-,-
서울특별시 강남구 역삼동,606-18,606,18,현대휴먼터치빌,25.92,201602,15,"16,000",6,1999,논현로 565,, ,-,-
서울특별시 강남구 역삼동,606-18,606,18,현대휴먼터치빌,35.88,201602,29,"22,000",5,1999,논현로 565,, ,-,-
서울특별시 강남구 역삼동,606-18,606,18,현대휴먼터치빌,35.88,201603,15,"22,000",16,1999,논현로 565,, ,-,-
서울특별시 강남구 역삼동,606-18,606,18,현대휴먼터치빌,35.88,201607,21,"22,000",7,1999,논현로 565,, ,-,-
서울특별시 강남구 역삼동,606-18,606,18,현대휴먼터치빌,25.92,201611,26,"19,000",13,1999,논현로 565,, ,-,-
